0S0R2SDS,1,0,http://dbpedia.org/resource/Alameda
0S0R2SDS,2,0,http://dbpedia.org/resource/Albania
0S0R2SDS,3,0,http://dbpedia.org/resource/Albany
0S0R2SDS,4,0,http://dbpedia.org/resource/Albertville
0S0R2SDS,5,0,http://dbpedia.org/resource/Mark_Tross
0S0R2SDS,6,0,http://dbpedia.org/resource/Albuquerque
0S0R2SDS,7,0,http://dbpedia.org/resource/Albuquerque
0S0R2SDS,8,0,http://dbpedia.org/resource/Algona
0S0R2SDS,9,0,http://dbpedia.org/resource/Algonquin
0S0R2SDS,10,0,http://dbpedia.org/resource/Allentown
0S0R2SDS,11,0,http://dbpedia.org/resource/Ann_Arbor
0S0R2SDS,12,0,http://dbpedia.org/resource/Aniston
0S0R2SDS,13,0,http://dbpedia.org/resource/Andika_County
0S0R2SDS,14,0,http://dbpedia.org/resource/Apex
0S0R2SDS,15,0,http://dbpedia.org/resource/Artesia
0S0R2SDS,16,0,http://dbpedia.org/resource/Rvati
0S0R2SDS,17,0,http://dbpedia.org/resource/Atenolol
0S0R2SDS,18,0,http://dbpedia.org/resource/Atlanta
0S0R2SDS,19,0,http://dbpedia.org/resource/Auburn
0S0R2SDS,20,0,http://dbpedia.org/resource/Alt_Empordà
0S0R2SDS,21,0,http://dbpedia.org/resource/Arora
0S0R2SDS,22,0,http://dbpedia.org/resource/Uaroo
0S0R2SDS,23,0,http://dbpedia.org/resource/Bakersfield
0S0R2SDS,24,0,http://dbpedia.org/resource/Bandra
0S0R2SDS,25,0,http://dbpedia.org/resource/Baritone
0S0R2SDS,26,0,http://dbpedia.org/resource/Bare
0S0R2SDS,27,0,http://dbpedia.org/resource/Bacteria
0S0R2SDS,28,0,http://dbpedia.org/resource/Bayou_La_Batre
0S0R2SDS,29,0,http://dbpedia.org/resource/Beastie_Boys
0S0R2SDS,30,0,http://dbpedia.org/resource/Alex_Beever
0S0R2SDS,31,0,http://dbpedia.org/resource/Bever
0S0R2SDS,32,0,http://dbpedia.org/resource/Bellevue
0S0R2SDS,33,0,http://dbpedia.org/resource/Bemidji
0S0R2SDS,34,0,http://dbpedia.org/resource/Bemidji
0S0R2SDS,35,0,http://dbpedia.org/resource/Bern
0S0R2SDS,36,0,http://dbpedia.org/resource/Berkley_Books
0S0R2SDS,37,0,http://dbpedia.org/resource/Burlin
0S0R2SDS,38,0,http://dbpedia.org/resource/Berthold
0S0R2SDS,39,0,http://dbpedia.org/resource/Berlin
0S0R2SDS,40,0,http://dbpedia.org/resource/John_Bilock
0S0R2SDS,41,0,http://dbpedia.org/resource/Brian_Bermingham
0S0R2SDS,42,0,http://dbpedia.org/resource/Birmingham
0S0R2SDS,43,0,http://dbpedia.org/resource/Eric_Brittingham
0S0R2SDS,44,0,http://dbpedia.org/resource/Boulder
0S0R2SDS,45,0,http://dbpedia.org/resource/Breckenridge
0S0R2SDS,46,0,http://dbpedia.org/resource/Brevard_County
0S0R2SDS,47,0,http://dbpedia.org/resource/Else_Frenkel-Brunswik
0S0R2SDS,48,0,http://dbpedia.org/resource/Benue_State
0S0R2SDS,49,0,http://dbpedia.org/resource/Red_Bull_Racing
0S0R2SDS,50,0,http://dbpedia.org/resource/Township_(Pennsylvania)
0S0R2SDS,51,0,http://dbpedia.org/resource/Caldwell
0S0R2SDS,52,0,http://dbpedia.org/resource/Kim_Campbell
0S0R2SDS,53,0,http://dbpedia.org/resource/Villa_Talea_de_Castro
0S0R2SDS,54,0,http://dbpedia.org/resource/Castroville
0S0R2SDS,55,0,http://dbpedia.org/resource/Cawker_City
0S0R2SDS,56,0,http://dbpedia.org/resource/Chelmsford_City_F.C.
0S0R2SDS,57,0,http://dbpedia.org/resource/Glenn_Chadbourne
0S0R2SDS,58,0,http://dbpedia.org/resource/Champaign-Urbana_Courier
0S0R2SDS,59,0,http://dbpedia.org/resource/Champaign-Urbana_Courier
0S0R2SDS,60,0,http://dbpedia.org/resource/Charleton
0S0R2SDS,61,0,http://dbpedia.org/resource/Chatsworth
0S0R2SDS,62,0,http://dbpedia.org/resource/Chattanooga
0S0R2SDS,63,0,http://dbpedia.org/resource/Chattanooga
0S0R2SDS,64,0,http://dbpedia.org/resource/Shaahin_Cheyene
0S0R2SDS,65,0,http://dbpedia.org/resource/Chicago
0S0R2SDS,66,0,http://dbpedia.org/resource/Checo_Acosta
0S0R2SDS,67,0,http://dbpedia.org/resource/Chico
0S0R2SDS,68,0,http://dbpedia.org/resource/Chula_Vista
0S0R2SDS,69,0,http://dbpedia.org/resource/University_of_Cincinnati
0S0R2SDS,70,0,http://dbpedia.org/resource/Cincinnati
0S0R2SDS,72,0,http://dbpedia.org/resource/Bill_Clinton
0S0R2SDS,73,0,http://dbpedia.org/resource/Coahuila
0S0R2SDS,74,0,http://dbpedia.org/resource/Ann_Codee
0S0R2SDS,75,0,http://dbpedia.org/resource/Codi_Miller-McIntyre
0S0R2SDS,76,0,http://dbpedia.org/resource/Collinsville
0S0R2SDS,77,0,http://dbpedia.org/resource/Clutia
0S0R2SDS,78,0,http://dbpedia.org/resource/Columbus
0S0R2SDS,79,0,http://dbpedia.org/resource/Colvile
0S0R2SDS,80,0,http://dbpedia.org/resource/Conaway
0S0R2SDS,81,0,http://dbpedia.org/resource/Cooperstown
0S0R2SDS,82,0,http://dbpedia.org/resource/Corning
0S0R2SDS,83,0,http://dbpedia.org/resource/Corning
0S0R2SDS,84,0,http://dbpedia.org/resource/Corsicana
0S0R2SDS,85,0,http://dbpedia.org/resource/Cottonwood_Heights
0S0R2SDS,86,0,http://dbpedia.org/resource/Crawford_County
0S0R2SDS,87,0,http://dbpedia.org/resource/Pierce_the_Ploughman's_Crede
0S0R2SDS,88,0,http://dbpedia.org/resource/Crested_lark
0S0R2SDS,89,0,http://dbpedia.org/resource/Joseph_Crosfield
0S0R2SDS,90,0,http://dbpedia.org/resource/C.A._Cerro
0S0R2SDS,91,0,http://dbpedia.org/resource/Cuaró
0S0R2SDS,92,0,http://dbpedia.org/resource/Dalton
0S0R2SDS,93,0,http://dbpedia.org/resource/Dalton
0S0R2SDS,94,0,http://dbpedia.org/resource/Daly_City
0S0R2SDS,95,0,http://dbpedia.org/resource/Danville
0S0R2SDS,96,0,http://dbpedia.org/resource/Davis
0S0R2SDS,97,0,http://dbpedia.org/resource/Nashville
0S0R2SDS,98,0,http://dbpedia.org/resource/Dawson
0S0R2SDS,99,0,http://dbpedia.org/resource/Dayton
0S0R2SDS,100,0,http://dbpedia.org/resource/DeKalb
0S0R2SDS,101,0,http://dbpedia.org/resource/Deer_Trail
0S0R2SDS,102,0,http://dbpedia.org/resource/Huff-Daland
0S0R2SDS,103,0,http://dbpedia.org/resource/Denville_Township
0S0R2SDS,104,0,http://dbpedia.org/resource/Des_Moines
0S0R2SDS,105,0,http://dbpedia.org/resource/Dodge_City
0S0R2SDS,106,0,http://dbpedia.org/resource/Douglas
0S0R2SDS,107,0,http://dbpedia.org/resource/Dover
0S0R2SDS,108,0,http://dbpedia.org/resource/Drum_kit
0S0R2SDS,109,0,http://dbpedia.org/resource/Dumas
0S0R2SDS,110,0,http://dbpedia.org/resource/Indiana
0S0R2SDS,111,0,http://dbpedia.org/resource/Eeyou_Istchee_James_Bay_Regional_Government
0S0R2SDS,112,0,http://dbpedia.org/resource/El_Paso
0S0R2SDS,113,0,http://dbpedia.org/resource/Lieutenant_general
0S0R2SDS,114,0,http://dbpedia.org/resource/Lgiń
0S0R2SDS,115,0,http://dbpedia.org/resource/Elkhart
0S0R2SDS,116,0,http://dbpedia.org/resource/Henry_Emmerson
0S0R2SDS,117,0,http://dbpedia.org/resource/Eupen
0S0R2SDS,118,0,http://dbpedia.org/resource/Ústí_nad_Orlicí_District
0S0R2SDS,119,0,http://dbpedia.org/resource/Fallbrook
0S0R2SDS,120,0,http://dbpedia.org/resource/Farmington
0S0R2SDS,121,0,http://dbpedia.org/resource/Fayetteville
0S0R2SDS,122,0,http://dbpedia.org/resource/Fayetteville
0S0R2SDS,123,0,http://dbpedia.org/resource/Fayetteville
0S0R2SDS,124,0,http://dbpedia.org/resource/Fayetteville
0S0R2SDS,125,0,http://dbpedia.org/resource/Flag
0S0R2SDS,126,0,http://dbpedia.org/resource/Forestville
0S0R2SDS,127,0,http://dbpedia.org/resource/Forestville
0S0R2SDS,128,0,http://dbpedia.org/resource/Fort_Dodge
0S0R2SDS,129,0,http://dbpedia.org/resource/Fort_Lee
0S0R2SDS,130,0,http://dbpedia.org/resource/Fort_Wayne
0S0R2SDS,131,0,http://dbpedia.org/resource/Fort_Worth
0S0R2SDS,132,0,http://dbpedia.org/resource/Fortescue
0S0R2SDS,133,0,http://dbpedia.org/resource/Fullerton
0S0R2SDS,134,0,http://dbpedia.org/resource/Gainesville
0S0R2SDS,135,0,http://dbpedia.org/resource/Gainesville
0S0R2SDS,136,0,http://dbpedia.org/resource/Galveston
0S0R2SDS,137,0,http://dbpedia.org/resource/Galveston
0S0R2SDS,138,0,http://dbpedia.org/resource/Garry_Monk
0S0R2SDS,139,0,http://dbpedia.org/resource/Gaylord
0S0R2SDS,140,0,http://dbpedia.org/resource/Genoa
0S0R2SDS,141,0,http://dbpedia.org/resource/Gilroy
0S0R2SDS,142,0,http://dbpedia.org/resource/Glendale
0S0R2SDS,143,0,http://dbpedia.org/resource/Goleta
0S0R2SDS,144,0,http://dbpedia.org/resource/Goleta
0S0R2SDS,145,0,http://dbpedia.org/resource/Granville
0S0R2SDS,146,0,http://dbpedia.org/resource/Greenfield
0S0R2SDS,147,0,http://dbpedia.org/resource/Greenville
0S0R2SDS,148,0,http://dbpedia.org/resource/Greenville
0S0R2SDS,149,0,http://dbpedia.org/resource/Greenwood
0S0R2SDS,150,0,http://dbpedia.org/resource/Griggsville
0S0R2SDS,151,0,http://dbpedia.org/resource/Greater_Manchester
0S0R2SDS,152,0,http://dbpedia.org/resource/Hacienda_Heights
0S0R2SDS,153,0,http://dbpedia.org/resource/Hadley
0S0R2SDS,154,0,http://dbpedia.org/resource/Mel_Hains
0S0R2SDS,155,0,http://dbpedia.org/resource/Haines_City
0S0R2SDS,156,0,http://dbpedia.org/resource/Haines_City
0S0R2SDS,157,0,http://dbpedia.org/resource/Hamilton
0S0R2SDS,158,0,http://dbpedia.org/resource/Hammondsport
0S0R2SDS,159,0,http://dbpedia.org/resource/Hannibal
0S0R2SDS,160,0,http://dbpedia.org/resource/Hartford
0S0R2SDS,161,0,http://dbpedia.org/resource/Hartselle
0S0R2SDS,162,0,http://dbpedia.org/resource/Hattiesburg
0S0R2SDS,163,0,http://dbpedia.org/resource/Haverstraw
0S0R2SDS,164,0,http://dbpedia.org/resource/Heracles
0S0R2SDS,165,0,http://dbpedia.org/resource/Hurling
0S0R2SDS,166,0,http://dbpedia.org/resource/Holtville
0S0R2SDS,167,0,http://dbpedia.org/resource/Hollyoaks
0S0R2SDS,168,0,http://dbpedia.org/resource/Hoston
0S0R2SDS,169,0,http://dbpedia.org/resource/Huntington_Beach
0S0R2SDS,170,0,http://dbpedia.org/resource/Huntsville
0S0R2SDS,171,0,http://dbpedia.org/resource/Lluís_Llach
0S0R2SDS,172,0,http://dbpedia.org/resource/Independence
0S0R2SDS,173,0,http://dbpedia.org/resource/Independence
0S0R2SDS,174,0,http://dbpedia.org/resource/Indianapolis
0S0R2SDS,175,0,http://dbpedia.org/resource/Indianapolis
0S0R2SDS,176,0,http://dbpedia.org/resource/Inlay
0S0R2SDS,177,0,http://dbpedia.org/resource/Dell_EMC_Isilon
0S0R2SDS,178,0,http://dbpedia.org/resource/Dell_EMC_Isilon
0S0R2SDS,179,0,http://dbpedia.org/resource/Jackson
0S0R2SDS,180,0,http://dbpedia.org/resource/Jackson
0S0R2SDS,181,0,http://dbpedia.org/resource/Edmund_Jenings
0S0R2SDS,182,0,http://dbpedia.org/resource/Jerome
0S0R2SDS,183,0,http://dbpedia.org/resource/Jersey_City
0S0R2SDS,184,0,http://dbpedia.org/resource/Bob_Johnston
0S0R2SDS,185,0,http://dbpedia.org/resource/Louis_Jolliet
0S0R2SDS,186,0,http://dbpedia.org/resource/Jonesboro
0S0R2SDS,187,0,http://dbpedia.org/resource/Mujhay_Jeenay_Do
0S0R2SDS,188,0,http://dbpedia.org/resource/Jena
0S0R2SDS,189,0,http://dbpedia.org/resource/Judaeo-Spanish
0S0R2SDS,190,0,http://dbpedia.org/resource/Kalispell
0S0R2SDS,191,0,http://dbpedia.org/resource/Grand_Cayman
0S0R2SDS,192,0,http://dbpedia.org/resource/Jake_Kaufman
0S0R2SDS,193,0,http://dbpedia.org/resource/Kuman_Thong
0S0R2SDS,194,0,http://dbpedia.org/resource/John_Kene
0S0R2SDS,195,0,http://dbpedia.org/resource/Kenne_Fant
0S0R2SDS,196,0,http://dbpedia.org/resource/Kaiser_Chiefs
0S0R2SDS,197,0,http://dbpedia.org/resource/Kaizer_Lau
0S0R2SDS,198,0,http://dbpedia.org/resource/Keane_(band)
0S0R2SDS,199,0,http://dbpedia.org/resource/Kennesaw
0S0R2SDS,200,0,http://dbpedia.org/resource/Kenton
0S0R2SDS,201,0,http://dbpedia.org/resource/Kirkuk
0S0R2SDS,202,0,http://dbpedia.org/resource/Kikuko_Inoue
0S0R2SDS,203,0,http://dbpedia.org/resource/Ketchikan
0S0R2SDS,204,0,http://dbpedia.org/resource/Ketchikan
0S0R2SDS,205,0,http://dbpedia.org/resource/Kirkland
0S0R2SDS,206,0,http://dbpedia.org/resource/Kirkwood
0S0R2SDS,207,0,http://dbpedia.org/resource/Kuźnica
0S0R2SDS,208,0,http://dbpedia.org/resource/Kunik
0S0R2SDS,209,0,http://dbpedia.org/resource/Nik_&_Jay
0S0R2SDS,210,0,http://dbpedia.org/resource/Knoxville
0S0R2SDS,211,0,http://dbpedia.org/resource/Copiah_County
0S0R2SDS,212,0,http://dbpedia.org/resource/Lafayette
0S0R2SDS,213,0,http://dbpedia.org/resource/Ohio
0S0R2SDS,214,0,http://dbpedia.org/resource/Lebanon
0S0R2SDS,215,0,http://dbpedia.org/resource/Leonor
0S0R2SDS,216,0,http://dbpedia.org/resource/Lexington
0S0R2SDS,217,0,http://dbpedia.org/resource/Illinois
0S0R2SDS,218,0,http://dbpedia.org/resource/Lincoln
0S0R2SDS,219,0,http://dbpedia.org/resource/Lody_Kong
0S0R2SDS,220,0,http://dbpedia.org/resource/Lompoc
0S0R2SDS,221,0,http://dbpedia.org/resource/Leechburg
0S0R2SDS,222,0,http://dbpedia.org/resource/Maggie_Valley
0S0R2SDS,223,0,http://dbpedia.org/resource/Manhattan
0S0R2SDS,224,0,http://dbpedia.org/resource/Jason_Manford
0S0R2SDS,225,0,http://dbpedia.org/resource/Maryon_Pearson
0S0R2SDS,226,0,http://dbpedia.org/resource/Merveilles_(album)
0S0R2SDS,227,0,http://dbpedia.org/resource/Victor_Meirelles
0S0R2SDS,228,0,http://dbpedia.org/resource/Marysville
0S0R2SDS,229,0,http://dbpedia.org/resource/Maton
0S0R2SDS,230,0,http://dbpedia.org/resource/McAllen
0S0R2SDS,231,0,http://dbpedia.org/resource/McLoud
0S0R2SDS,232,0,http://dbpedia.org/resource/MagCloud
0S0R2SDS,233,0,http://dbpedia.org/resource/Melbourne
0S0R2SDS,234,0,http://dbpedia.org/resource/Memphis
0S0R2SDS,235,0,http://dbpedia.org/resource/Meridith_Baer
0S0R2SDS,236,0,http://dbpedia.org/resource/Meriden
0S0R2SDS,237,0,http://dbpedia.org/resource/Maimi_Yajima
0S0R2SDS,238,0,http://dbpedia.org/resource/Miami
0S0R2SDS,239,0,http://dbpedia.org/resource/Myname
0S0R2SDS,241,0,http://dbpedia.org/resource/Millinocket
0S0R2SDS,242,0,http://dbpedia.org/resource/Artillery_of_France_in_the_Middle_Ages
0S0R2SDS,243,0,http://dbpedia.org/resource/Milpitas
0S0R2SDS,244,0,http://dbpedia.org/resource/Millipede
0S0R2SDS,245,0,http://dbpedia.org/resource/Milwaukee
0S0R2SDS,246,0,http://dbpedia.org/resource/Minneapolis
0S0R2SDS,247,0,http://dbpedia.org/resource/Walter_E._Meshaka_Jr.
0S0R2SDS,248,0,http://dbpedia.org/resource/Mishawaka
0S0R2SDS,249,0,http://dbpedia.org/resource/Missoula
0S0R2SDS,250,0,http://dbpedia.org/resource/Missoula
0S0R2SDS,251,0,http://dbpedia.org/resource/Modesto
0S0R2SDS,254,0,http://dbpedia.org/resource/Monticello
0S0R2SDS,255,0,http://dbpedia.org/resource/Morten_Breum
0S0R2SDS,256,0,http://dbpedia.org/resource/Mount_Pleasant
0S0R2SDS,257,0,http://dbpedia.org/resource/Long_Beach
0S0R2SDS,258,0,http://dbpedia.org/resource/Naperville
0S0R2SDS,259,0,http://dbpedia.org/resource/Naugatuck
0S0R2SDS,260,0,http://dbpedia.org/resource/Nederland
0S0R2SDS,261,0,http://dbpedia.org/resource/Else_Frenkel-Brunswik
0S0R2SDS,262,0,http://dbpedia.org/resource/New_Castle
0S0R2SDS,263,0,http://dbpedia.org/resource/New_Haven
0S0R2SDS,264,0,http://dbpedia.org/resource/New_Orleans
0S0R2SDS,265,0,http://dbpedia.org/resource/New_Rochelle
0S0R2SDS,266,0,http://dbpedia.org/resource/New_Rochelle_station
0S0R2SDS,267,0,http://dbpedia.org/resource/Elmira
0S0R2SDS,268,0,http://dbpedia.org/resource/New_York_City
0S0R2SDS,269,0,http://dbpedia.org/resource/Queens
0S0R2SDS,270,0,http://dbpedia.org/resource/Newark
0S0R2SDS,271,0,http://dbpedia.org/resource/Paul_Newman
0S0R2SDS,272,0,http://dbpedia.org/resource/Ma'arrat_al-Nu'man
0S0R2SDS,273,0,http://dbpedia.org/resource/Noriko_Sato
0S0R2SDS,274,0,http://dbpedia.org/resource/North_Tonawanda
0S0R2SDS,275,0,http://dbpedia.org/resource/Northamptonshire
0S0R2SDS,276,0,http://dbpedia.org/resource/Northfield
0S0R2SDS,277,0,http://dbpedia.org/resource/Dennis_O'Neil
0S0R2SDS,278,0,http://dbpedia.org/resource/Oak_Ridge
0S0R2SDS,279,0,http://dbpedia.org/resource/Ocoee
0S0R2SDS,280,0,http://dbpedia.org/resource/Odensberg
0S0R2SDS,281,0,http://dbpedia.org/resource/Okeechobee
0S0R2SDS,282,0,http://dbpedia.org/resource/Oklahoma_City_bombing
0S0R2SDS,283,0,http://dbpedia.org/resource/Olathe
0S0R2SDS,284,0,http://dbpedia.org/resource/Olney
0S0R2SDS,285,0,http://dbpedia.org/resource/Omaha
0S0R2SDS,286,0,http://dbpedia.org/resource/Onaway
0S0R2SDS,287,0,http://dbpedia.org/resource/Origin_of_replication
0S0R2SDS,288,0,http://dbpedia.org/resource/Mladen_Urem
0S0R2SDS,289,0,http://dbpedia.org/resource/Oroville
0S0R2SDS,290,0,http://dbpedia.org/resource/Owensboro
0S0R2SDS,291,0,http://dbpedia.org/resource/Oxford
0S0R2SDS,292,0,http://dbpedia.org/resource/Pacifika
0S0R2SDS,293,0,http://dbpedia.org/resource/Pacific_Ocean
0S0R2SDS,294,0,http://dbpedia.org/resource/Alan_Parsons
0S0R2SDS,295,0,http://dbpedia.org/resource/Pasadena
0S0R2SDS,296,0,http://dbpedia.org/resource/Pasadena
0S0R2SDS,297,0,http://dbpedia.org/resource/Paterson
0S0R2SDS,298,0,http://dbpedia.org/resource/Pawtucket
0S0R2SDS,299,0,http://dbpedia.org/resource/Pearsonville
0S0R2SDS,300,0,http://dbpedia.org/resource/Sam_Feldt
0S0R2SDS,301,0,http://dbpedia.org/resource/Philadelphia
0S0R2SDS,302,0,http://dbpedia.org/resource/Phoenix
0S0R2SDS,303,0,http://dbpedia.org/resource/Pindjur
0S0R2SDS,304,0,http://dbpedia.org/resource/Pitsburg
0S0R2SDS,305,0,http://dbpedia.org/resource/Pittsburgh
0S0R2SDS,306,0,http://dbpedia.org/resource/Pitsburg
0S0R2SDS,307,0,http://dbpedia.org/resource/Pittsburgh
0S0R2SDS,308,0,http://dbpedia.org/resource/Placerville
0S0R2SDS,309,0,http://dbpedia.org/resource/Placerville
0S0R2SDS,310,0,http://dbpedia.org/resource/Mortimer_Planno
0S0R2SDS,311,0,http://dbpedia.org/resource/Ponchatoula
0S0R2SDS,312,0,http://dbpedia.org/resource/Port_Lands
0S0R2SDS,313,0,http://dbpedia.org/resource/Prescot
0S0R2SDS,314,0,http://dbpedia.org/resource/Presque_Isle
0S0R2SDS,315,0,http://dbpedia.org/resource/Prestin
0S0R2SDS,316,0,http://dbpedia.org/resource/Pebble_Beach
0S0R2SDS,317,0,http://dbpedia.org/resource/Nez_Perce_War
0S0R2SDS,318,0,http://dbpedia.org/resource/Noé_Kwin
0S0R2SDS,319,0,http://dbpedia.org/resource/Monte_Kwinter
0S0R2SDS,320,0,http://dbpedia.org/resource/Quitman
0S0R2SDS,321,0,http://dbpedia.org/resource/Radford
0S0R2SDS,322,0,http://dbpedia.org/resource/Bob_Rae
0S0R2SDS,323,0,http://dbpedia.org/resource/Rain
0S0R2SDS,324,0,http://dbpedia.org/resource/Ayn_Rand
0S0R2SDS,325,0,http://dbpedia.org/resource/Reading
0S0R2SDS,326,0,http://dbpedia.org/resource/Redwood_City
0S0R2SDS,327,0,http://dbpedia.org/resource/Redwood_City
0S0R2SDS,328,0,http://dbpedia.org/resource/Reedley
0S0R2SDS,329,0,http://dbpedia.org/resource/Rehoboth_Beach
0S0R2SDS,330,0,http://dbpedia.org/resource/Rehoboth_Beach
0S0R2SDS,331,0,http://dbpedia.org/resource/Julian_Rivero
0S0R2SDS,332,0,http://dbpedia.org/resource/Rideback
0S0R2SDS,333,0,http://dbpedia.org/resource/Roanoke
0S0R2SDS,334,0,http://dbpedia.org/resource/Roanoke
0S0R2SDS,335,0,http://dbpedia.org/resource/Rochester
0S0R2SDS,336,0,http://dbpedia.org/resource/Roscoe_Ates
0S0R2SDS,337,0,http://dbpedia.org/resource/Rugby
0S0R2SDS,338,0,http://dbpedia.org/resource/Sacramento
0S0R2SDS,339,0,http://dbpedia.org/resource/Sacramento
0S0R2SDS,340,0,http://dbpedia.org/resource/Abdus_Salam
0S0R2SDS,341,0,http://dbpedia.org/resource/Abdus_Salam
0S0R2SDS,342,0,http://dbpedia.org/resource/Abdus_Salam
0S0R2SDS,343,0,http://dbpedia.org/resource/Kam_Selem
0S0R2SDS,344,0,http://dbpedia.org/resource/Salena
0S0R2SDS,345,0,http://dbpedia.org/resource/San_Francisco
0S0R2SDS,346,0,http://dbpedia.org/resource/San_Angelo
0S0R2SDS,347,0,http://dbpedia.org/resource/San_Diego
0S0R2SDS,348,0,http://dbpedia.org/resource/San_Francisco
0S0R2SDS,349,0,http://dbpedia.org/resource/San_Jose
0S0R2SDS,350,0,http://dbpedia.org/resource/Sangar
0S0R2SDS,351,0,http://dbpedia.org/resource/Santa_Cruz
0S0R2SDS,352,0,http://dbpedia.org/resource/Santa_Monica
0S0R2SDS,353,0,http://dbpedia.org/resource/Santa_Fe
0S0R2SDS,354,0,http://dbpedia.org/resource/Monika_Santa_Maria
0S0R2SDS,355,0,http://dbpedia.org/resource/Schenectady
0S0R2SDS,356,0,http://dbpedia.org/resource/Scottdale
0S0R2SDS,357,0,http://dbpedia.org/resource/Scotsdale
0S0R2SDS,358,0,http://dbpedia.org/resource/BC_Sakalai
0S0R2SDS,359,0,http://dbpedia.org/resource/Gmina_Cedynia
0S0R2SDS,360,0,http://dbpedia.org/resource/Sedona
0S0R2SDS,361,0,http://dbpedia.org/resource/Senatobia
0S0R2SDS,362,0,http://dbpedia.org/resource/Saverne
0S0R2SDS,363,0,http://dbpedia.org/resource/Shelbyville
0S0R2SDS,364,0,http://dbpedia.org/resource/Shelbyville
0S0R2SDS,365,0,http://dbpedia.org/resource/Sierra_Vista
0S0R2SDS,366,0,http://dbpedia.org/resource/Siloam_Springs
0S0R2SDS,367,0,http://dbpedia.org/resource/Sioux_Falls
0S0R2SDS,368,0,http://dbpedia.org/resource/Sioux_Falls
0S0R2SDS,369,0,http://dbpedia.org/resource/Slocomb
0S0R2SDS,370,0,http://dbpedia.org/resource/Nur-Sultan
0S0R2SDS,371,0,http://dbpedia.org/resource/Somerville
0S0R2SDS,372,0,http://dbpedia.org/resource/South_of_Heaven
0S0R2SDS,373,0,http://dbpedia.org/resource/Spenser:_For_Hire
0S0R2SDS,374,0,http://dbpedia.org/resource/Spokane
0S0R2SDS,375,0,http://dbpedia.org/resource/Springfield
0S0R2SDS,376,0,http://dbpedia.org/resource/Springville
0S0R2SDS,377,0,http://dbpedia.org/resource/St_Albans_Saints_SC
0S0R2SDS,378,0,http://dbpedia.org/resource/St._Cloud
0S0R2SDS,379,0,http://dbpedia.org/resource/St._Louis
0S0R2SDS,380,0,http://dbpedia.org/resource/St._Martinville
0S0R2SDS,381,0,http://dbpedia.org/resource/Staten_Island
0S0R2SDS,382,0,http://dbpedia.org/resource/Stilwell
0S0R2SDS,383,0,http://dbpedia.org/resource/Stockton
0S0R2SDS,384,0,http://dbpedia.org/resource/Stuttgarter_Kickers
0S0R2SDS,385,0,http://dbpedia.org/resource/Sumer
0S0R2SDS,386,0,http://dbpedia.org/resource/Central_European_Summer_Time
0S0R2SDS,387,0,http://dbpedia.org/resource/Central_European_Summer_Time
0S0R2SDS,388,0,http://dbpedia.org/resource/Sun_Prairie
0S0R2SDS,389,0,http://dbpedia.org/resource/Tacoma
0S0R2SDS,390,0,http://dbpedia.org/resource/Talent_show
0S0R2SDS,391,0,http://dbpedia.org/resource/Tarpon_Springs
0S0R2SDS,392,0,http://dbpedia.org/resource/Hot_Springs
0S0R2SDS,393,0,http://dbpedia.org/resource/Hot_Springs
0S0R2SDS,394,0,http://dbpedia.org/resource/Tarryall
0S0R2SDS,395,0,http://dbpedia.org/resource/Telluride
0S0R2SDS,396,0,http://dbpedia.org/resource/Terlingua
0S0R2SDS,397,0,http://dbpedia.org/resource/Tianguá
0S0R2SDS,398,0,http://dbpedia.org/resource/Texarkana
0S0R2SDS,399,0,http://dbpedia.org/resource/Thomasville
0S0R2SDS,400,0,http://dbpedia.org/resource/Toadstone
0S0R2SDS,401,0,http://dbpedia.org/resource/Toner
0S0R2SDS,402,0,http://dbpedia.org/resource/New_York_City
0S0R2SDS,403,0,http://dbpedia.org/resource/Traverse_City
0S0R2SDS,404,0,http://dbpedia.org/resource/Tuscon
0S0R2SDS,405,0,http://dbpedia.org/resource/Tulelake
0S0R2SDS,406,0,http://dbpedia.org/resource/Tuscaloosa
0S0R2SDS,407,0,http://dbpedia.org/resource/Carl_Tiler
0S0R2SDS,408,0,http://dbpedia.org/resource/Unadilla
0S0R2SDS,409,0,http://dbpedia.org/resource/Fado
0S0R2SDS,410,0,http://dbpedia.org/resource/Valdosta
0S0R2SDS,411,0,http://dbpedia.org/resource/Valparaíso
0S0R2SDS,412,0,http://dbpedia.org/resource/Victoria_Cross
0S0R2SDS,413,0,http://dbpedia.org/resource/Wasco_County
0S0R2SDS,414,0,http://dbpedia.org/resource/Wako
0S0R2SDS,415,0,http://dbpedia.org/resource/Chris_Walla
0S0R2SDS,416,0,http://dbpedia.org/resource/Walla_Walla_people
0S0R2SDS,417,0,http://dbpedia.org/resource/Waltham
0S0R2SDS,418,0,http://dbpedia.org/resource/Warrensburg
0S0R2SDS,419,0,http://dbpedia.org/resource/Warrensburg
0S0R2SDS,420,0,http://dbpedia.org/resource/Wartrace
0S0R2SDS,421,0,http://dbpedia.org/resource/Warwick
0S0R2SDS,422,0,http://dbpedia.org/resource/Warwickshire
0S0R2SDS,423,0,http://dbpedia.org/resource/Woolco
0S0R2SDS,424,0,http://dbpedia.org/resource/Waterville
0S0R2SDS,425,0,http://dbpedia.org/resource/Watsonville
0S0R2SDS,426,0,http://dbpedia.org/resource/Waynesboro
0S0R2SDS,427,0,http://dbpedia.org/resource/Waynesville
0S0R2SDS,428,0,http://dbpedia.org/resource/Weatherford
0S0R2SDS,429,0,http://dbpedia.org/resource/Weatherford
0S0R2SDS,430,0,http://dbpedia.org/resource/Wetumpka
0S0R2SDS,431,0,http://dbpedia.org/resource/Wickenburg
0S0R2SDS,432,0,http://dbpedia.org/resource/Wills_Point
0S0R2SDS,433,0,http://dbpedia.org/resource/Wilmington
0S0R2SDS,434,0,http://dbpedia.org/resource/Wilmington
0S0R2SDS,435,0,http://dbpedia.org/resource/Wilmington
0S0R2SDS,436,0,http://dbpedia.org/resource/Winnemucca
0S0R2SDS,437,0,http://dbpedia.org/resource/Winnemucca
0S0R2SDS,438,0,http://dbpedia.org/resource/Winnemucca
0S0R2SDS,439,0,http://dbpedia.org/resource/Winston-Salem
0S0R2SDS,440,0,http://dbpedia.org/resource/Worcestershire
0S0R2SDS,441,0,http://dbpedia.org/resource/Worcestershire
0S0R2SDS,442,0,http://dbpedia.org/resource/Worthington
0S0R2SDS,443,0,http://dbpedia.org/resource/Xena:_Warrior_Princess
0S0R2SDS,444,0,http://dbpedia.org/resource/Adja_Yunkers
0S0R2SDS,445,0,http://dbpedia.org/resource/Uma_Jalsu
0S0R2SDS,446,0,http://dbpedia.org/resource/Abbeville
0S0R2SDS,447,0,http://dbpedia.org/resource/Abilene
0S0R2SDS,448,0,http://dbpedia.org/resource/Adamsville
0S0R2SDS,449,0,http://dbpedia.org/resource/Akron
0S0R2SDS,450,0,http://dbpedia.org/resource/Alabaster
0S0R2SDS,451,0,http://dbpedia.org/resource/Alamosa
0S0R2SDS,452,0,http://dbpedia.org/resource/Albany
0S0R2SDS,453,0,http://dbpedia.org/resource/Albuquerque
0S0R2SDS,454,0,http://dbpedia.org/resource/Algona
0S0R2SDS,455,0,http://dbpedia.org/resource/Algonquin
0S0R2SDS,456,0,http://dbpedia.org/resource/Almaty
0S0R2SDS,457,0,http://dbpedia.org/resource/Anderson
0S0R2SDS,458,0,http://dbpedia.org/resource/Annapolis
0S0R2SDS,459,0,http://dbpedia.org/resource/Anthony_Eden
0S0R2SDS,460,0,http://dbpedia.org/resource/Apache_Junction
0S0R2SDS,461,0,http://dbpedia.org/resource/Apex
0S0R2SDS,462,0,http://dbpedia.org/resource/Arvada
0S0R2SDS,463,0,http://dbpedia.org/resource/Ashton-under-Lyne
0S0R2SDS,464,0,http://dbpedia.org/resource/Aspen
0S0R2SDS,465,0,http://dbpedia.org/resource/Athens
0S0R2SDS,466,0,http://dbpedia.org/resource/Auburn
0S0R2SDS,467,0,http://dbpedia.org/resource/Auburn
0S0R2SDS,468,0,http://dbpedia.org/resource/Ault
0S0R2SDS,469,0,http://dbpedia.org/resource/Austin
0S0R2SDS,470,0,http://dbpedia.org/resource/Baltimore
0S0R2SDS,471,0,http://dbpedia.org/resource/Bandera
0S0R2SDS,472,0,http://dbpedia.org/resource/Bangor
0S0R2SDS,473,0,http://dbpedia.org/resource/Batavia
0S0R2SDS,474,0,http://dbpedia.org/resource/Bayou_La_Batre
0S0R2SDS,475,0,http://dbpedia.org/resource/Bardstown
0S0R2SDS,476,0,http://dbpedia.org/resource/Peter_Beattie
0S0R2SDS,477,0,http://dbpedia.org/resource/Bellevue
0S0R2SDS,478,0,http://dbpedia.org/resource/Bellingham
0S0R2SDS,479,0,http://dbpedia.org/resource/Belzoni
0S0R2SDS,480,0,http://dbpedia.org/resource/Bemidji
0S0R2SDS,481,0,http://dbpedia.org/resource/Berkeley
0S0R2SDS,482,0,http://dbpedia.org/resource/Berlin
0S0R2SDS,483,0,http://dbpedia.org/resource/Berrien_Springs
0S0R2SDS,484,0,http://dbpedia.org/resource/Berryville
0S0R2SDS,485,0,http://dbpedia.org/resource/Berthoud
0S0R2SDS,486,0,http://dbpedia.org/resource/Bessemer
0S0R2SDS,487,0,http://dbpedia.org/resource/Bethany_Beach
0S0R2SDS,488,0,http://dbpedia.org/resource/Bethlehem
0S0R2SDS,489,0,http://dbpedia.org/resource/Bethlehem
0S0R2SDS,490,0,http://dbpedia.org/resource/Biloxi
0S0R2SDS,491,0,http://dbpedia.org/resource/Binghamton
0S0R2SDS,492,0,http://dbpedia.org/resource/Birmingham
0S0R2SDS,493,0,http://dbpedia.org/resource/Bishop
0S0R2SDS,494,0,http://dbpedia.org/resource/Bloomington
0S0R2SDS,495,0,http://dbpedia.org/resource/Bluefield
0S0R2SDS,496,0,http://dbpedia.org/resource/Boone
0S0R2SDS,497,0,http://dbpedia.org/resource/Boston
0S0R2SDS,498,0,http://dbpedia.org/resource/Bothell
0S0R2SDS,499,0,http://dbpedia.org/resource/Bozeman
0S0R2SDS,500,0,http://dbpedia.org/resource/Breaux_Bridge
0S0R2SDS,501,0,http://dbpedia.org/resource/Bridgeport
0S0R2SDS,502,0,http://dbpedia.org/resource/Brinkley
0S0R2SDS,503,0,http://dbpedia.org/resource/Bristol
0S0R2SDS,504,0,http://dbpedia.org/resource/Bristol
0S0R2SDS,505,0,http://dbpedia.org/resource/Bristol
0S0R2SDS,506,0,http://dbpedia.org/resource/Brockton
0S0R2SDS,507,0,http://dbpedia.org/resource/Brooklyn
0S0R2SDS,508,0,http://dbpedia.org/resource/Buena_Park
0S0R2SDS,509,0,http://dbpedia.org/resource/Buhl
0S0R2SDS,510,0,http://dbpedia.org/resource/Burlington
0S0R2SDS,511,0,http://dbpedia.org/resource/Butte
0S0R2SDS,512,0,http://dbpedia.org/resource/Calabash
0S0R2SDS,513,0,http://dbpedia.org/resource/Caldwell
0S0R2SDS,514,0,http://dbpedia.org/resource/Glen_Campbell
0S0R2SDS,515,0,http://dbpedia.org/resource/Canon_Yaoundé
0S0R2SDS,516,0,http://dbpedia.org/resource/Carbondale
0S0R2SDS,517,0,http://dbpedia.org/resource/Carrboro
0S0R2SDS,518,0,http://dbpedia.org/resource/Cedaredge
0S0R2SDS,519,0,http://dbpedia.org/resource/Champaign-Urbana_Courier
0S0R2SDS,520,0,http://dbpedia.org/resource/Chas_Chandler
0S0R2SDS,521,0,http://dbpedia.org/resource/Charlotte
0S0R2SDS,522,0,http://dbpedia.org/resource/Chatsworth
0S0R2SDS,523,0,http://dbpedia.org/resource/Chattanooga
0S0R2SDS,524,0,http://dbpedia.org/resource/Cherryfield
0S0R2SDS,525,0,http://dbpedia.org/resource/Cheshire
0S0R2SDS,526,0,http://dbpedia.org/resource/Chico
0S0R2SDS,527,0,http://dbpedia.org/resource/Chula_Vista
0S0R2SDS,528,0,http://dbpedia.org/resource/Churubusco
0S0R2SDS,529,0,http://dbpedia.org/resource/Cincinnati
0S0R2SDS,530,0,http://dbpedia.org/resource/Circleville
0S0R2SDS,531,0,http://dbpedia.org/resource/Jim_Clark
0S0R2SDS,532,0,http://dbpedia.org/resource/Clarksville
0S0R2SDS,533,0,http://dbpedia.org/resource/Claxton
0S0R2SDS,534,0,http://dbpedia.org/resource/Cleveland
0S0R2SDS,535,0,http://dbpedia.org/resource/Clifton
0S0R2SDS,536,0,http://dbpedia.org/resource/Clovis
0S0R2SDS,537,0,http://dbpedia.org/resource/Coachella
0S0R2SDS,538,0,http://dbpedia.org/resource/Coconut_Creek
0S0R2SDS,539,0,http://dbpedia.org/resource/Colonial_Beach
0S0R2SDS,540,0,http://dbpedia.org/resource/Colquitt
0S0R2SDS,541,0,http://dbpedia.org/resource/British_Columbia
0S0R2SDS,542,0,http://dbpedia.org/resource/British_Columbia
0S0R2SDS,543,0,http://dbpedia.org/resource/Columbus
0S0R2SDS,544,0,http://dbpedia.org/resource/Compton
0S0R2SDS,545,0,http://dbpedia.org/resource/Concord
0S0R2SDS,546,0,http://dbpedia.org/resource/Conway
0S0R2SDS,547,0,http://dbpedia.org/resource/Cooperstown
0S0R2SDS,548,0,http://dbpedia.org/resource/Coral_Springs
0S0R2SDS,549,0,http://dbpedia.org/resource/Cordele
0S0R2SDS,550,0,http://dbpedia.org/resource/Corona
0S0R2SDS,551,0,http://dbpedia.org/resource/Corsicana
0S0R2SDS,552,0,http://dbpedia.org/resource/Cottonwood_Heights
0S0R2SDS,553,0,http://dbpedia.org/resource/Cozad
0S0R2SDS,554,0,http://dbpedia.org/resource/Cranford
0S0R2SDS,555,0,http://dbpedia.org/resource/Creede
0S0R2SDS,556,0,http://dbpedia.org/resource/Crested_Butte
0S0R2SDS,557,0,http://dbpedia.org/resource/Crystal_Lake
0S0R2SDS,558,0,http://dbpedia.org/resource/Danbury
0S0R2SDS,559,0,http://dbpedia.org/resource/Dannebrog
0S0R2SDS,560,0,http://dbpedia.org/resource/Davis
0S0R2SDS,561,0,http://dbpedia.org/resource/Dawson
0S0R2SDS,562,0,http://dbpedia.org/resource/Dayton
0S0R2SDS,563,0,http://dbpedia.org/resource/DeKalb
0S0R2SDS,564,0,http://dbpedia.org/resource/Decatur
0S0R2SDS,565,0,http://dbpedia.org/resource/Delphos
0S0R2SDS,566,0,http://dbpedia.org/resource/Demopolis
0S0R2SDS,567,0,http://dbpedia.org/resource/Denver
0S0R2SDS,568,0,http://dbpedia.org/resource/Derby
0S0R2SDS,569,0,http://dbpedia.org/resource/Derry
0S0R2SDS,570,0,http://dbpedia.org/resource/Des_Allemands
0S0R2SDS,571,0,http://dbpedia.org/resource/Detroit
0S0R2SDS,572,0,http://dbpedia.org/resource/Dickinson
0S0R2SDS,573,0,http://dbpedia.org/resource/Dinuba
0S0R2SDS,574,0,http://dbpedia.org/resource/Douglas
0S0R2SDS,575,0,http://dbpedia.org/resource/Dove_Creek
0S0R2SDS,576,0,http://dbpedia.org/resource/John_Drayton
0S0R2SDS,577,0,http://dbpedia.org/resource/Dubach
0S0R2SDS,578,0,http://dbpedia.org/resource/Duluth
0S0R2SDS,579,0,http://dbpedia.org/resource/Dumas
0S0R2SDS,580,0,http://dbpedia.org/resource/Duncanville
0S0R2SDS,581,0,http://dbpedia.org/resource/Durango
0S0R2SDS,582,0,http://dbpedia.org/resource/Dyersville
0S0R2SDS,583,0,http://dbpedia.org/resource/Eau_Claire
0S0R2SDS,584,0,http://dbpedia.org/resource/Edgewater
0S0R2SDS,585,0,http://dbpedia.org/resource/El_Paso
0S0R2SDS,586,0,http://dbpedia.org/resource/El_Reno
0S0R2SDS,587,0,http://dbpedia.org/resource/Elberton
0S0R2SDS,588,0,http://dbpedia.org/resource/Elgin
0S0R2SDS,589,0,http://dbpedia.org/resource/Elgin
0S0R2SDS,590,0,http://dbpedia.org/resource/Elizabethton
0S0R2SDS,591,0,http://dbpedia.org/resource/Elkhart
0S0R2SDS,592,0,http://dbpedia.org/resource/Emmetsburg
0S0R2SDS,593,0,http://dbpedia.org/resource/Enumclaw
0S0R2SDS,594,0,http://dbpedia.org/resource/Erie
0S0R2SDS,595,0,http://dbpedia.org/resource/Erwin
0S0R2SDS,596,0,http://dbpedia.org/resource/Eufaula
0S0R2SDS,597,0,http://dbpedia.org/resource/Eugene
0S0R2SDS,598,0,http://dbpedia.org/resource/Fairfield
0S0R2SDS,599,0,http://dbpedia.org/resource/Fallon
0S0R2SDS,600,0,http://dbpedia.org/resource/Fayetteville
0S0R2SDS,601,0,http://dbpedia.org/resource/Fayetteville
0S0R2SDS,602,0,http://dbpedia.org/resource/Fernandina_Beach
0S0R2SDS,603,0,http://dbpedia.org/resource/Fort_Collins
0S0R2SDS,604,0,http://dbpedia.org/resource/Fort_Lauderdale
0S0R2SDS,605,0,http://dbpedia.org/resource/Fort_Myers
0S0R2SDS,606,0,http://dbpedia.org/resource/Fort_Payne
0S0R2SDS,607,0,http://dbpedia.org/resource/Fort_Thompson
0S0R2SDS,608,0,http://dbpedia.org/resource/Fort_Wayne
0S0R2SDS,609,0,http://dbpedia.org/resource/Hugh_Fortescue
0S0R2SDS,610,0,http://dbpedia.org/resource/Fruita
0S0R2SDS,611,0,http://dbpedia.org/resource/Galilee
0S0R2SDS,612,0,http://dbpedia.org/resource/Gallup
0S0R2SDS,613,0,http://dbpedia.org/resource/Girard
0S0R2SDS,614,0,http://dbpedia.org/resource/Glendive
0S0R2SDS,615,0,http://dbpedia.org/resource/Gloucester
0S0R2SDS,616,0,http://dbpedia.org/resource/Gonzales
0S0R2SDS,617,0,http://dbpedia.org/resource/Greeley
0S0R2SDS,618,0,http://dbpedia.org/resource/Forest_green
0S0R2SDS,619,0,http://dbpedia.org/resource/Gridley
0S0R2SDS,620,0,http://dbpedia.org/resource/Griffin
0S0R2SDS,621,0,http://dbpedia.org/resource/Griggsville
0S0R2SDS,622,0,http://dbpedia.org/resource/Grinnell
0S0R2SDS,623,0,http://dbpedia.org/resource/Groton
0S0R2SDS,624,0,http://dbpedia.org/resource/Gueydan
0S0R2SDS,625,0,http://dbpedia.org/resource/Gulfport
0S0R2SDS,626,0,http://dbpedia.org/resource/Hacienda_Heights
0S0R2SDS,627,0,http://dbpedia.org/resource/Hagerstown
0S0R2SDS,628,0,http://dbpedia.org/resource/Haines
0S0R2SDS,629,0,http://dbpedia.org/resource/Haleyville
0S0R2SDS,630,0,http://dbpedia.org/resource/Hamden
0S0R2SDS,631,0,http://dbpedia.org/resource/Hamilton
0S0R2SDS,632,0,http://dbpedia.org/resource/Hastings
0S0R2SDS,633,0,http://dbpedia.org/resource/Hattiesburg
0S0R2SDS,634,0,http://dbpedia.org/resource/Haysville
0S0R2SDS,635,0,http://dbpedia.org/resource/Hércules_CF
0S0R2SDS,636,0,http://dbpedia.org/resource/Hershey
0S0R2SDS,637,0,http://dbpedia.org/resource/Hialeah
0S0R2SDS,638,0,http://dbpedia.org/resource/Holyoke
0S0R2SDS,639,0,http://dbpedia.org/resource/Honaker
0S0R2SDS,640,0,http://dbpedia.org/resource/Honolulu
0S0R2SDS,641,0,http://dbpedia.org/resource/Hot_Springs
0S0R2SDS,642,0,http://dbpedia.org/resource/Houston
0S0R2SDS,643,0,http://dbpedia.org/resource/Hueytown
0S0R2SDS,644,0,http://dbpedia.org/resource/Huntley
0S0R2SDS,645,0,http://dbpedia.org/resource/Huntsville
0S0R2SDS,646,0,http://dbpedia.org/resource/Indiana
0S0R2SDS,647,0,http://dbpedia.org/resource/Indio
0S0R2SDS,648,0,http://dbpedia.org/resource/Inola
0S0R2SDS,649,0,http://dbpedia.org/resource/Isleton
0S0R2SDS,650,0,http://dbpedia.org/resource/Jacksonville
0S0R2SDS,651,0,http://dbpedia.org/resource/Jacksonville
0S0R2SDS,652,0,http://dbpedia.org/resource/Jamestown
0S0R2SDS,653,0,http://dbpedia.org/resource/Jasper
0S0R2SDS,654,0,http://dbpedia.org/resource/Jennings
0S0R2SDS,655,0,http://dbpedia.org/resource/Johnson_City
0S0R2SDS,656,0,http://dbpedia.org/resource/Joliet
0S0R2SDS,657,0,http://dbpedia.org/resource/Jonesboro
0S0R2SDS,658,0,http://dbpedia.org/resource/Jonesboro
0S0R2SDS,659,0,http://dbpedia.org/resource/Kalamazoo
0S0R2SDS,660,0,http://dbpedia.org/resource/Kalispell
0S0R2SDS,661,0,http://dbpedia.org/resource/Kannapolis
0S0R2SDS,662,0,http://dbpedia.org/resource/Kansas_City
0S0R2SDS,663,0,http://dbpedia.org/resource/Kansas_City
0S0R2SDS,664,0,http://dbpedia.org/resource/Keansburg
0S0R2SDS,665,0,http://dbpedia.org/resource/Keizer
0S0R2SDS,666,0,http://dbpedia.org/resource/Kelso
0S0R2SDS,667,0,http://dbpedia.org/resource/Kenai
0S0R2SDS,668,0,http://dbpedia.org/resource/Kennesaw
0S0R2SDS,669,0,http://dbpedia.org/resource/Keokuk
0S0R2SDS,670,0,http://dbpedia.org/resource/Ketchikan
0S0R2SDS,671,0,http://dbpedia.org/resource/Kewanee
0S0R2SDS,672,0,http://dbpedia.org/resource/Kingsville
0S0R2SDS,673,0,http://dbpedia.org/resource/Kirwin
0S0R2SDS,674,0,http://dbpedia.org/resource/Kodiak
0S0R2SDS,675,0,http://dbpedia.org/resource/Kokomo
0S0R2SDS,676,0,http://dbpedia.org/resource/La_Crosse
0S0R2SDS,677,0,http://dbpedia.org/resource/Lafayette
0S0R2SDS,678,0,http://dbpedia.org/resource/Lake_Benton
0S0R2SDS,679,0,http://dbpedia.org/resource/Laramie
0S0R2SDS,680,0,http://dbpedia.org/resource/Las_Vegas
0S0R2SDS,681,0,http://dbpedia.org/resource/Lathrop
0S0R2SDS,682,0,http://dbpedia.org/resource/Lebanon
0S0R2SDS,683,0,http://dbpedia.org/resource/Lecompte
0S0R2SDS,684,0,http://dbpedia.org/resource/Lenexa
0S0R2SDS,685,0,http://dbpedia.org/resource/Leola
0S0R2SDS,686,0,http://dbpedia.org/resource/Leoti
0S0R2SDS,687,0,http://dbpedia.org/resource/Lewes
0S0R2SDS,688,0,http://dbpedia.org/resource/Lexington
0S0R2SDS,689,0,http://dbpedia.org/resource/Limon
0S0R2SDS,690,0,http://dbpedia.org/resource/Lincoln
0S0R2SDS,691,0,http://dbpedia.org/resource/Linden
0S0R2SDS,692,0,http://dbpedia.org/resource/Lindsborg
0S0R2SDS,693,0,http://dbpedia.org/resource/Lithonia
0S0R2SDS,694,0,http://dbpedia.org/resource/Little_Rock
0S0R2SDS,695,0,http://dbpedia.org/resource/Lockport
0S0R2SDS,696,0,http://dbpedia.org/resource/Lodi
0S0R2SDS,697,0,http://dbpedia.org/resource/Lombard
0S0R2SDS,698,0,http://dbpedia.org/resource/Lompoc
0S0R2SDS,699,0,http://dbpedia.org/resource/Long_Beach
0S0R2SDS,700,0,http://dbpedia.org/resource/Los_Angeles
0S0R2SDS,701,0,http://dbpedia.org/resource/Louisville
0S0R2SDS,702,0,http://dbpedia.org/resource/Louisville_City_FC
0S0R2SDS,703,0,http://dbpedia.org/resource/Lowell
0S0R2SDS,704,0,http://dbpedia.org/resource/Lowell
0S0R2SDS,705,0,http://dbpedia.org/resource/Lynchburg
0S0R2SDS,706,0,http://dbpedia.org/resource/Madison
0S0R2SDS,707,0,http://dbpedia.org/resource/Malvern
0S0R2SDS,708,0,http://dbpedia.org/resource/Manchester
0S0R2SDS,709,0,http://dbpedia.org/resource/Manchester
0S0R2SDS,710,0,http://dbpedia.org/resource/Manhattan
0S0R2SDS,711,0,http://dbpedia.org/resource/Mannford
0S0R2SDS,712,0,http://dbpedia.org/resource/Marionville
0S0R2SDS,713,0,http://dbpedia.org/resource/Marseilles
0S0R2SDS,714,0,http://dbpedia.org/resource/Marysville
0S0R2SDS,715,0,http://dbpedia.org/resource/Marysville
0S0R2SDS,716,0,http://dbpedia.org/resource/Mattoon
0S0R2SDS,717,0,http://dbpedia.org/resource/McAllen
0S0R2SDS,718,0,http://dbpedia.org/resource/McMinnville
0S0R2SDS,719,0,http://dbpedia.org/resource/Medfield
0S0R2SDS,720,0,http://dbpedia.org/resource/Melbourne
0S0R2SDS,721,0,http://dbpedia.org/resource/Merced
0S0R2SDS,722,0,http://dbpedia.org/resource/Meriden
0S0R2SDS,723,0,http://dbpedia.org/resource/Mesick
0S0R2SDS,724,0,http://dbpedia.org/resource/Metropolis
0S0R2SDS,725,0,http://dbpedia.org/resource/Miami
0S0R2SDS,726,0,http://dbpedia.org/resource/Middletown
0S0R2SDS,727,0,http://dbpedia.org/resource/Midlothian
0S0R2SDS,728,0,http://dbpedia.org/resource/Millinocket
0S0R2SDS,729,0,http://dbpedia.org/resource/Milpitas
0S0R2SDS,730,0,http://dbpedia.org/resource/Milwaukee
0S0R2SDS,731,0,http://dbpedia.org/resource/Minneapolis
0S0R2SDS,732,0,http://dbpedia.org/resource/Missoula
0S0R2SDS,733,0,http://dbpedia.org/resource/Monterey
0S0R2SDS,734,0,http://dbpedia.org/resource/Montgomery
0S0R2SDS,735,0,http://dbpedia.org/resource/Mount_Ida
0S0R2SDS,736,0,http://dbpedia.org/resource/Mountain_View
0S0R2SDS,737,0,http://dbpedia.org/resource/Muskegon
0S0R2SDS,738,0,http://dbpedia.org/resource/Nashua
0S0R2SDS,739,0,http://dbpedia.org/resource/Nashville
0S0R2SDS,740,0,http://dbpedia.org/resource/Nashville
0S0R2SDS,741,0,http://dbpedia.org/resource/Nashville
0S0R2SDS,742,0,http://dbpedia.org/resource/Naugatuck
0S0R2SDS,743,0,http://dbpedia.org/resource/Neosho
0S0R2SDS,744,0,http://dbpedia.org/resource/New_Britain
0S0R2SDS,745,0,http://dbpedia.org/resource/New_Brunswick
0S0R2SDS,746,0,http://dbpedia.org/resource/New_Haven
0S0R2SDS,747,0,http://dbpedia.org/resource/New_Rochelle
0S0R2SDS,748,0,http://dbpedia.org/resource/New_York_City
0S0R2SDS,749,0,http://dbpedia.org/resource/Newberry
0S0R2SDS,750,0,http://dbpedia.org/resource/Newburyport
0S0R2SDS,751,0,http://dbpedia.org/resource/Newport
0S0R2SDS,752,0,http://dbpedia.org/resource/Niagara_Falls
0S0R2SDS,753,0,http://dbpedia.org/resource/Norman
0S0R2SDS,754,0,http://dbpedia.org/resource/North_Adams
0S0R2SDS,755,0,http://dbpedia.org/resource/North_Loup
0S0R2SDS,756,0,http://dbpedia.org/resource/North_Platte
0S0R2SDS,757,0,http://dbpedia.org/resource/Northampton
0S0R2SDS,758,0,http://dbpedia.org/resource/Norwich
0S0R2SDS,759,0,http://dbpedia.org/resource/O'Fallon
0S0R2SDS,760,0,http://dbpedia.org/resource/Tip_O'Neill
0S0R2SDS,761,0,http://dbpedia.org/resource/Oakland
0S0R2SDS,762,0,http://dbpedia.org/resource/Ocean_City
0S0R2SDS,763,0,http://dbpedia.org/resource/Ocoee
0S0R2SDS,764,0,http://dbpedia.org/resource/Ogdensburg
0S0R2SDS,765,0,http://dbpedia.org/resource/Okeechobee
0S0R2SDS,766,0,http://dbpedia.org/resource/Oklahoma_City
0S0R2SDS,767,0,http://dbpedia.org/resource/Olney
0S0R2SDS,768,0,http://dbpedia.org/resource/Onaway
0S0R2SDS,769,0,http://dbpedia.org/resource/Ormond_Beach
0S0R2SDS,770,0,http://dbpedia.org/resource/Ouray
0S0R2SDS,771,0,http://dbpedia.org/resource/Ozark
0S0R2SDS,772,0,http://dbpedia.org/resource/Paducah
0S0R2SDS,773,0,http://dbpedia.org/resource/Palisade
0S0R2SDS,774,0,http://dbpedia.org/resource/Palm_Springs
0S0R2SDS,775,0,http://dbpedia.org/resource/Panama_City_Beach
0S0R2SDS,776,0,http://dbpedia.org/resource/Peabody
0S0R2SDS,777,0,http://dbpedia.org/resource/Pearsonville
0S0R2SDS,778,0,http://dbpedia.org/resource/Pensacola
0S0R2SDS,779,0,http://dbpedia.org/resource/Peoria
0S0R2SDS,780,0,http://dbpedia.org/resource/Perth_Amboy
0S0R2SDS,781,0,http://dbpedia.org/resource/Peru
0S0R2SDS,782,0,http://dbpedia.org/resource/St._Petersburg
0S0R2SDS,783,0,http://dbpedia.org/resource/Philadelphia
0S0R2SDS,784,0,http://dbpedia.org/resource/Phoenix
0S0R2SDS,785,0,http://dbpedia.org/resource/Pikeville
0S0R2SDS,786,0,http://dbpedia.org/resource/Pittsburg
0S0R2SDS,787,0,http://dbpedia.org/resource/Pittsburgh
0S0R2SDS,788,0,http://dbpedia.org/resource/Plainfield
0S0R2SDS,789,0,http://dbpedia.org/resource/Plymouth
0S0R2SDS,790,0,http://dbpedia.org/resource/Pocatello
0S0R2SDS,791,0,http://dbpedia.org/resource/Ponchatoula
0S0R2SDS,792,0,http://dbpedia.org/resource/Prattville
0S0R2SDS,793,0,http://dbpedia.org/resource/Presque_Isle
0S0R2SDS,794,0,http://dbpedia.org/resource/Provincetown
0S0R2SDS,795,0,http://dbpedia.org/resource/Provo
0S0R2SDS,796,0,http://dbpedia.org/resource/Punxsutawney
0S0R2SDS,797,0,http://dbpedia.org/resource/Purcell
0S0R2SDS,798,0,http://dbpedia.org/resource/Quitman
0S0R2SDS,799,0,http://dbpedia.org/resource/Radford
0S0R2SDS,800,0,http://dbpedia.org/resource/Raleigh
0S0R2SDS,801,0,http://dbpedia.org/resource/Randolph
0S0R2SDS,802,0,http://dbpedia.org/resource/Rayne
0S0R2SDS,803,0,http://dbpedia.org/resource/Redmond
0S0R2SDS,804,0,http://dbpedia.org/resource/Reedley
0S0R2SDS,805,0,http://dbpedia.org/resource/Rehoboth_Beach
0S0R2SDS,806,0,http://dbpedia.org/resource/Reno
0S0R2SDS,807,0,http://dbpedia.org/resource/Rhinebeck
0S0R2SDS,808,0,http://dbpedia.org/resource/Richmond
0S0R2SDS,809,0,http://dbpedia.org/resource/Rio_Rancho
0S0R2SDS,810,0,http://dbpedia.org/resource/Rochester
0S0R2SDS,811,0,http://dbpedia.org/resource/Rockland
0S0R2SDS,812,0,http://dbpedia.org/resource/Roscoe
0S0R2SDS,813,0,http://dbpedia.org/resource/Roswell
0S0R2SDS,814,0,http://dbpedia.org/resource/Rumney
0S0R2SDS,815,0,http://dbpedia.org/resource/Russell_Springs
0S0R2SDS,816,0,http://dbpedia.org/resource/Rutland
0S0R2SDS,817,0,http://dbpedia.org/resource/Sacramento
0S0R2SDS,818,0,http://dbpedia.org/resource/Saint_Paul
0S0R2SDS,819,0,http://dbpedia.org/resource/Salem
0S0R2SDS,820,0,http://dbpedia.org/resource/San_Diego
0S0R2SDS,821,0,http://dbpedia.org/resource/San_Francisco
0S0R2SDS,822,0,http://dbpedia.org/resource/San_Jose
0S0R2SDS,823,0,http://dbpedia.org/resource/Sandersville
0S0R2SDS,824,0,http://dbpedia.org/resource/Sansom_Park
0S0R2SDS,825,0,http://dbpedia.org/resource/Santa_Rosa
0S0R2SDS,826,0,http://dbpedia.org/resource/Sarasota
0S0R2SDS,827,0,http://dbpedia.org/resource/Saratoga
0S0R2SDS,828,0,http://dbpedia.org/resource/Saratoga_Springs
0S0R2SDS,829,0,http://dbpedia.org/resource/Savannah
0S0R2SDS,830,0,http://dbpedia.org/resource/Schenectady
0S0R2SDS,831,0,http://dbpedia.org/resource/Scranton
0S0R2SDS,832,0,http://dbpedia.org/resource/Seaford
0S0R2SDS,833,0,http://dbpedia.org/resource/Seaside_Heights
0S0R2SDS,834,0,http://dbpedia.org/resource/Selma
0S0R2SDS,835,0,http://dbpedia.org/resource/Senatobia
0S0R2SDS,836,0,http://dbpedia.org/resource/Severance
0S0R2SDS,837,0,http://dbpedia.org/resource/Shelbyville
0S0R2SDS,838,0,http://dbpedia.org/resource/Sierra_Vista
0S0R2SDS,839,0,http://dbpedia.org/resource/Siloam_Springs
0S0R2SDS,840,0,http://dbpedia.org/resource/Sioux_City
0S0R2SDS,841,0,http://dbpedia.org/resource/Sitka
0S0R2SDS,842,0,http://dbpedia.org/resource/Slocomb
0S0R2SDS,843,0,http://dbpedia.org/resource/Soldiers_Grove
0S0R2SDS,844,0,http://dbpedia.org/resource/Spartanburg
0S0R2SDS,845,0,http://dbpedia.org/resource/Springfield
0S0R2SDS,846,0,http://dbpedia.org/resource/Springfield
0S0R2SDS,847,0,http://dbpedia.org/resource/St._Albans_(city)
0S0R2SDS,848,0,http://dbpedia.org/resource/St._Petersburg
0S0R2SDS,849,0,http://dbpedia.org/resource/Stamford
0S0R2SDS,850,0,http://dbpedia.org/resource/Staten_Island
0S0R2SDS,851,0,http://dbpedia.org/resource/Stilwell
0S0R2SDS,852,0,http://dbpedia.org/resource/Stockton
0S0R2SDS,853,0,http://dbpedia.org/resource/Strongsville
0S0R2SDS,854,0,http://dbpedia.org/resource/Stuttgart
0S0R2SDS,855,0,http://dbpedia.org/resource/Sugar_Land
0S0R2SDS,856,0,http://dbpedia.org/resource/Sugarcreek
0S0R2SDS,857,0,http://dbpedia.org/resource/Sunnyvale
0S0R2SDS,858,0,http://dbpedia.org/resource/Sylacauga
0S0R2SDS,859,0,http://dbpedia.org/resource/Tacoma
0S0R2SDS,860,0,http://dbpedia.org/resource/Takoma_Park
0S0R2SDS,861,0,http://dbpedia.org/resource/Talent_show
0S0R2SDS,862,0,http://dbpedia.org/resource/Tallahassee
0S0R2SDS,863,0,http://dbpedia.org/resource/Taos
0S0R2SDS,864,0,http://dbpedia.org/resource/Taunton
0S0R2SDS,865,0,http://dbpedia.org/resource/Telluride
0S0R2SDS,866,0,http://dbpedia.org/resource/Terlingua
0S0R2SDS,867,0,http://dbpedia.org/resource/Terre_Haute
0S0R2SDS,868,0,http://dbpedia.org/resource/Texarkana
0S0R2SDS,869,0,http://dbpedia.org/resource/University_of_Texas_at_Austin
0S0R2SDS,870,0,http://dbpedia.org/resource/Cape_Colony
0S0R2SDS,871,0,http://dbpedia.org/resource/Toledo
0S0R2SDS,872,0,http://dbpedia.org/resource/Tombstone
0S0R2SDS,873,0,http://dbpedia.org/resource/Troy
0S0R2SDS,874,0,http://dbpedia.org/resource/Tulsa
0S0R2SDS,875,0,http://dbpedia.org/resource/Tuscaloosa
0S0R2SDS,876,0,http://dbpedia.org/resource/Tuskegee
0S0R2SDS,877,0,http://dbpedia.org/resource/Tyler
0S0R2SDS,878,0,http://dbpedia.org/resource/Valley_City
0S0R2SDS,879,0,http://dbpedia.org/resource/Valparaiso
0S0R2SDS,880,0,http://dbpedia.org/resource/Vicksburg
0S0R2SDS,881,0,http://dbpedia.org/resource/Victoria
0S0R2SDS,882,0,http://dbpedia.org/resource/Vidalia
0S0R2SDS,883,0,http://dbpedia.org/resource/Walla_Walla
0S0R2SDS,884,0,http://dbpedia.org/resource/Wallace_Fox
0S0R2SDS,885,0,http://dbpedia.org/resource/Warrensburg
0S0R2SDS,886,0,http://dbpedia.org/resource/Warroad
0S0R2SDS,887,0,http://dbpedia.org/resource/Wartrace
0S0R2SDS,888,0,http://dbpedia.org/resource/Warwick
0S0R2SDS,889,0,http://dbpedia.org/resource/Wasco
0S0R2SDS,890,0,http://dbpedia.org/resource/Washington
0S0R2SDS,891,0,http://dbpedia.org/resource/Waterbury
0S0R2SDS,892,0,http://dbpedia.org/resource/Waynesboro
0S0R2SDS,893,0,http://dbpedia.org/resource/Waynesville
0S0R2SDS,894,0,http://dbpedia.org/resource/Weirton
0S0R2SDS,895,0,http://dbpedia.org/resource/West_Haven
0S0R2SDS,896,0,http://dbpedia.org/resource/Westfield
0S0R2SDS,897,0,http://dbpedia.org/resource/Westfield
0S0R2SDS,898,0,http://dbpedia.org/resource/Wichita
0S0R2SDS,899,0,http://dbpedia.org/resource/Willard
0S0R2SDS,900,0,http://dbpedia.org/resource/Williamsburg
0S0R2SDS,901,0,http://dbpedia.org/resource/Willimantic
0S0R2SDS,902,0,http://dbpedia.org/resource/Willits
0S0R2SDS,903,0,http://dbpedia.org/resource/Wilmington
0S0R2SDS,904,0,http://dbpedia.org/resource/Wilmington
0S0R2SDS,905,0,http://dbpedia.org/resource/Winfield
0S0R2SDS,906,0,http://dbpedia.org/resource/Winooski
0S0R2SDS,907,0,http://dbpedia.org/resource/Wisconsin_Dells
0S0R2SDS,908,0,http://dbpedia.org/resource/Xenia
0S0R2SDS,909,0,http://dbpedia.org/resource/Yakima
0S0R2SDS,910,0,http://dbpedia.org/resource/Yonkers
0S0R2SDS,911,0,http://dbpedia.org/resource/Yorba_Linda
0S0R2SDS,912,0,http://dbpedia.org/resource/Yuba_City
0S0R2SDS,913,0,http://dbpedia.org/resource/Zanesville
0S0R2SDS,1,1,http://dbpedia.org/resource/California
0S0R2SDS,2,1,http://dbpedia.org/resource/Oregon
0S0R2SDS,3,1,http://dbpedia.org/resource/New_York_City
0S0R2SDS,4,1,http://dbpedia.org/resource/Alabama
0S0R2SDS,5,1,http://dbpedia.org/resource/New_Mexico
0S0R2SDS,6,1,http://dbpedia.org/resource/New_Mexico
0S0R2SDS,7,1,http://dbpedia.org/resource/New_Mexico
0S0R2SDS,8,1,http://dbpedia.org/resource/Iowa
0S0R2SDS,9,1,http://dbpedia.org/resource/Illinois
0S0R2SDS,10,1,http://dbpedia.org/resource/Pennsylvania
0S0R2SDS,11,1,http://dbpedia.org/resource/Michigan
0S0R2SDS,12,1,http://dbpedia.org/resource/Alabama
0S0R2SDS,13,1,http://dbpedia.org/resource/Minnesota
0S0R2SDS,14,1,http://dbpedia.org/resource/North_Carolina
0S0R2SDS,15,1,http://dbpedia.org/resource/Mississippi
0S0R2SDS,16,1,http://dbpedia.org/resource/Colorado
0S0R2SDS,17,1,http://dbpedia.org/resource/Massachusetts
0S0R2SDS,18,1,http://dbpedia.org/resource/Georgia_(U.S._state)
0S0R2SDS,19,1,http://dbpedia.org/resource/Washington
0S0R2SDS,20,1,http://dbpedia.org/resource/Colorado
0S0R2SDS,21,1,http://dbpedia.org/resource/Colorado
0S0R2SDS,22,1,http://dbpedia.org/resource/Illinois
0S0R2SDS,23,1,http://dbpedia.org/resource/California
0S0R2SDS,24,1,http://dbpedia.org/resource/Texas
0S0R2SDS,25,1,http://dbpedia.org/resource/Kentucky
0S0R2SDS,26,1,http://dbpedia.org/resource/Vermont
0S0R2SDS,27,1,http://dbpedia.org/resource/Kansas
0S0R2SDS,28,1,http://dbpedia.org/resource/Alabama
0S0R2SDS,29,1,http://dbpedia.org/resource/Kansas
0S0R2SDS,30,1,http://dbpedia.org/resource/Oklahoma
0S0R2SDS,31,1,http://dbpedia.org/resource/Oklahoma
0S0R2SDS,32,1,http://dbpedia.org/resource/Washington
0S0R2SDS,33,1,http://dbpedia.org/resource/Minnesota
0S0R2SDS,34,1,http://dbpedia.org/resource/Minnesota
0S0R2SDS,35,1,http://dbpedia.org/resource/Kentucky
0S0R2SDS,36,1,http://dbpedia.org/resource/California
0S0R2SDS,37,1,http://dbpedia.org/resource/New_Hampshire
0S0R2SDS,38,1,http://dbpedia.org/resource/Colorado
0S0R2SDS,39,1,http://dbpedia.org/resource/Texas
0S0R2SDS,40,1,http://dbpedia.org/resource/Mississippi
0S0R2SDS,41,1,http://dbpedia.org/resource/Alabama
0S0R2SDS,42,1,http://dbpedia.org/resource/Alabama
0S0R2SDS,43,1,http://dbpedia.org/resource/Alabama
0S0R2SDS,44,1,http://dbpedia.org/resource/Colorado
0S0R2SDS,45,1,http://dbpedia.org/resource/Colorado
0S0R2SDS,46,1,http://dbpedia.org/resource/North_Carolina
0S0R2SDS,47,1,http://dbpedia.org/resource/Missouri
0S0R2SDS,48,1,http://dbpedia.org/resource/California
0S0R2SDS,49,1,http://dbpedia.org/resource/Idaho
0S0R2SDS,50,1,http://dbpedia.org/resource/New_Jersey
0S0R2SDS,51,1,http://dbpedia.org/resource/Texas
0S0R2SDS,52,1,http://dbpedia.org/resource/California
0S0R2SDS,53,1,http://dbpedia.org/resource/California
0S0R2SDS,54,1,http://dbpedia.org/resource/California
0S0R2SDS,55,1,http://dbpedia.org/resource/Kansas
0S0R2SDS,56,1,http://dbpedia.org/resource/Colorado
0S0R2SDS,57,1,http://dbpedia.org/resource/North_Carolina
0S0R2SDS,58,1,http://dbpedia.org/resource/Illinois
0S0R2SDS,59,1,http://dbpedia.org/resource/Illinois
0S0R2SDS,60,1,http://dbpedia.org/resource/South_Carolina
0S0R2SDS,61,1,http://dbpedia.org/resource/California
0S0R2SDS,62,1,http://dbpedia.org/resource/Tennessee
0S0R2SDS,63,1,http://dbpedia.org/resource/Tennessee
0S0R2SDS,64,1,http://dbpedia.org/resource/Wyoming
0S0R2SDS,65,1,http://dbpedia.org/resource/Illinois
0S0R2SDS,66,1,http://dbpedia.org/resource/California
0S0R2SDS,67,1,http://dbpedia.org/resource/California
0S0R2SDS,68,1,http://dbpedia.org/resource/California
0S0R2SDS,69,1,http://dbpedia.org/resource/Ohio
0S0R2SDS,70,1,http://dbpedia.org/resource/Ohio
0S0R2SDS,71,1,http://dbpedia.org/resource/Ohio
0S0R2SDS,72,1,http://dbpedia.org/resource/Texas
0S0R2SDS,73,1,http://dbpedia.org/resource/California
0S0R2SDS,74,1,http://dbpedia.org/resource/Wyoming
0S0R2SDS,75,1,http://dbpedia.org/resource/Wyoming
0S0R2SDS,76,1,http://dbpedia.org/resource/Illinois
0S0R2SDS,77,1,http://dbpedia.org/resource/Maryland
0S0R2SDS,78,1,http://dbpedia.org/resource/Ohio
0S0R2SDS,79,1,http://dbpedia.org/resource/Washington
0S0R2SDS,80,1,http://dbpedia.org/resource/Arkansas
0S0R2SDS,81,1,http://dbpedia.org/resource/New_York_City
0S0R2SDS,82,1,http://dbpedia.org/resource/California
0S0R2SDS,83,1,http://dbpedia.org/resource/New_York_City
0S0R2SDS,84,1,http://dbpedia.org/resource/Texas
0S0R2SDS,85,1,http://dbpedia.org/resource/Utah
0S0R2SDS,86,1,http://dbpedia.org/resource/Nebraska
0S0R2SDS,87,1,http://dbpedia.org/resource/Colorado
0S0R2SDS,88,1,http://dbpedia.org/resource/Colorado
0S0R2SDS,89,1,http://dbpedia.org/resource/Maryland
0S0R2SDS,90,1,http://dbpedia.org/resource/Texas
0S0R2SDS,91,1,http://dbpedia.org/resource/Texas
0S0R2SDS,92,1,http://dbpedia.org/resource/Georgia_(U.S._state)
0S0R2SDS,93,1,http://dbpedia.org/resource/Georgia_(U.S._state)
0S0R2SDS,94,1,http://dbpedia.org/resource/California
0S0R2SDS,95,1,http://dbpedia.org/resource/Kentucky
0S0R2SDS,96,1,http://dbpedia.org/resource/California
0S0R2SDS,97,1,http://dbpedia.org/resource/Michigan
0S0R2SDS,98,1,http://dbpedia.org/resource/Georgia_(U.S._state)
0S0R2SDS,99,1,http://dbpedia.org/resource/Ohio
0S0R2SDS,100,1,http://dbpedia.org/resource/Illinois
0S0R2SDS,101,1,http://dbpedia.org/resource/Colorado
0S0R2SDS,102,1,http://dbpedia.org/resource/Florida
0S0R2SDS,103,1,http://dbpedia.org/resource/New_Jersey
0S0R2SDS,104,1,http://dbpedia.org/resource/Iowa
0S0R2SDS,105,1,http://dbpedia.org/resource/Kansas
0S0R2SDS,106,1,http://dbpedia.org/resource/Wyoming
0S0R2SDS,107,1,http://dbpedia.org/resource/Delaware
0S0R2SDS,108,1,http://dbpedia.org/resource/Oklahoma
0S0R2SDS,109,1,http://dbpedia.org/resource/Arkansas
0S0R2SDS,110,1,http://dbpedia.org/resource/Texas
0S0R2SDS,111,1,http://dbpedia.org/resource/Colorado
0S0R2SDS,112,1,http://dbpedia.org/resource/Texas
0S0R2SDS,113,1,http://dbpedia.org/resource/South_Carolina
0S0R2SDS,114,1,http://dbpedia.org/resource/South_Carolina
0S0R2SDS,115,1,http://dbpedia.org/resource/Indiana
0S0R2SDS,116,1,http://dbpedia.org/resource/Arkansas
0S0R2SDS,117,1,http://dbpedia.org/resource/Florida
0S0R2SDS,118,1,http://dbpedia.org/resource/Florida
0S0R2SDS,119,1,http://dbpedia.org/resource/California
0S0R2SDS,120,1,http://dbpedia.org/resource/Maine
0S0R2SDS,121,1,http://dbpedia.org/resource/Arkansas
0S0R2SDS,122,1,http://dbpedia.org/resource/Arkansas
0S0R2SDS,123,1,http://dbpedia.org/resource/North_Carolina
0S0R2SDS,124,1,http://dbpedia.org/resource/Arkansas
0S0R2SDS,125,1,http://dbpedia.org/resource/Arizona
0S0R2SDS,126,1,http://dbpedia.org/resource/California
0S0R2SDS,127,1,http://dbpedia.org/resource/California
0S0R2SDS,128,1,http://dbpedia.org/resource/Iowa
0S0R2SDS,129,1,http://dbpedia.org/resource/New_Jersey
0S0R2SDS,130,1,http://dbpedia.org/resource/Indiana
0S0R2SDS,131,1,http://dbpedia.org/resource/Texas
0S0R2SDS,132,1,http://dbpedia.org/resource/New_Jersey
0S0R2SDS,133,1,http://dbpedia.org/resource/New_York_City
0S0R2SDS,134,1,http://dbpedia.org/resource/Florida
0S0R2SDS,135,1,http://dbpedia.org/resource/Georgia_(U.S._state)
0S0R2SDS,136,1,http://dbpedia.org/resource/Texas
0S0R2SDS,137,1,http://dbpedia.org/resource/Texas
0S0R2SDS,138,1,http://dbpedia.org/resource/Indiana
0S0R2SDS,139,1,http://dbpedia.org/resource/Michigan
0S0R2SDS,140,1,http://dbpedia.org/resource/Nevada
0S0R2SDS,141,1,http://dbpedia.org/resource/California
0S0R2SDS,142,1,http://dbpedia.org/resource/California
0S0R2SDS,143,1,http://dbpedia.org/resource/California
0S0R2SDS,144,1,http://dbpedia.org/resource/California
0S0R2SDS,145,1,http://dbpedia.org/resource/New_York_City
0S0R2SDS,146,1,http://dbpedia.org/resource/California
0S0R2SDS,147,1,http://dbpedia.org/resource/Alabama
0S0R2SDS,148,1,http://dbpedia.org/resource/South_Carolina
0S0R2SDS,149,1,http://dbpedia.org/resource/South_Carolina
0S0R2SDS,150,1,http://dbpedia.org/resource/Illinois
0S0R2SDS,151,1,http://dbpedia.org/resource/Connecticut
0S0R2SDS,152,1,http://dbpedia.org/resource/California
0S0R2SDS,153,1,http://dbpedia.org/resource/Massachusetts
0S0R2SDS,154,1,http://dbpedia.org/resource/Alaska
0S0R2SDS,155,1,http://dbpedia.org/resource/Florida
0S0R2SDS,156,1,http://dbpedia.org/resource/Florida
0S0R2SDS,157,1,http://dbpedia.org/resource/Texas
0S0R2SDS,158,1,http://dbpedia.org/resource/New_York_City
0S0R2SDS,159,1,http://dbpedia.org/resource/Missouri
0S0R2SDS,160,1,http://dbpedia.org/resource/Connecticut
0S0R2SDS,161,1,http://dbpedia.org/resource/Alabama
0S0R2SDS,162,1,http://dbpedia.org/resource/Mississippi
0S0R2SDS,163,1,http://dbpedia.org/resource/New_York_City
0S0R2SDS,164,1,http://dbpedia.org/resource/California
0S0R2SDS,165,1,http://dbpedia.org/resource/Pennsylvania
0S0R2SDS,166,1,http://dbpedia.org/resource/California
0S0R2SDS,167,1,http://dbpedia.org/resource/Massachusetts
0S0R2SDS,168,1,http://dbpedia.org/resource/Texas
0S0R2SDS,169,1,http://dbpedia.org/resource/California
0S0R2SDS,170,1,http://dbpedia.org/resource/Alabama
0S0R2SDS,171,1,http://dbpedia.org/resource/Washington
0S0R2SDS,172,1,http://dbpedia.org/resource/Missouri
0S0R2SDS,173,1,http://dbpedia.org/resource/Missouri
0S0R2SDS,174,1,http://dbpedia.org/resource/Indiana
0S0R2SDS,175,1,http://dbpedia.org/resource/Indiana
0S0R2SDS,176,1,http://dbpedia.org/resource/Oklahoma
0S0R2SDS,177,1,http://dbpedia.org/resource/California
0S0R2SDS,178,1,http://dbpedia.org/resource/California
0S0R2SDS,179,1,http://dbpedia.org/resource/Michigan
0S0R2SDS,180,1,http://dbpedia.org/resource/Mississippi
0S0R2SDS,181,1,http://dbpedia.org/resource/Louisiana
0S0R2SDS,182,1,http://dbpedia.org/resource/Arizona
0S0R2SDS,183,1,http://dbpedia.org/resource/New_Jersey
0S0R2SDS,184,1,http://dbpedia.org/resource/Pennsylvania
0S0R2SDS,185,1,http://dbpedia.org/resource/Illinois
0S0R2SDS,186,1,http://dbpedia.org/resource/Arkansas
0S0R2SDS,187,1,http://dbpedia.org/resource/Alaska
0S0R2SDS,188,1,http://dbpedia.org/resource/Alaska
0S0R2SDS,189,1,http://dbpedia.org/resource/Alaska
0S0R2SDS,190,1,http://dbpedia.org/resource/Montana
0S0R2SDS,191,1,http://dbpedia.org/resource/Texas
0S0R2SDS,192,1,http://dbpedia.org/resource/Texas
0S0R2SDS,193,1,http://dbpedia.org/resource/Texas
0S0R2SDS,194,1,http://dbpedia.org/resource/New_Hampshire
0S0R2SDS,195,1,http://dbpedia.org/resource/New_Hampshire
0S0R2SDS,196,1,http://dbpedia.org/resource/Oregon
0S0R2SDS,197,1,http://dbpedia.org/resource/Oregon
0S0R2SDS,198,1,http://dbpedia.org/resource/Alaska
0S0R2SDS,199,1,http://dbpedia.org/resource/Georgia_(U.S._state)
0S0R2SDS,200,1,http://dbpedia.org/resource/Tennessee
0S0R2SDS,201,1,http://dbpedia.org/resource/Iowa
0S0R2SDS,202,1,http://dbpedia.org/resource/Iowa
0S0R2SDS,203,1,http://dbpedia.org/resource/Alaska
0S0R2SDS,204,1,http://dbpedia.org/resource/Alaska
0S0R2SDS,205,1,http://dbpedia.org/resource/Washington
0S0R2SDS,206,1,http://dbpedia.org/resource/Missouri
0S0R2SDS,207,1,http://dbpedia.org/resource/Alaska
0S0R2SDS,208,1,http://dbpedia.org/resource/Alaska
0S0R2SDS,209,1,http://dbpedia.org/resource/Alaska
0S0R2SDS,210,1,http://dbpedia.org/resource/Tennessee
0S0R2SDS,211,1,http://dbpedia.org/resource/Alaska
0S0R2SDS,212,1,http://dbpedia.org/resource/Louisiana
0S0R2SDS,213,1,http://dbpedia.org/resource/Oregon
0S0R2SDS,214,1,http://dbpedia.org/resource/Tennessee
0S0R2SDS,215,1,http://dbpedia.org/resource/Tennessee
0S0R2SDS,216,1,http://dbpedia.org/resource/Massachusetts
0S0R2SDS,217,1,http://dbpedia.org/resource/Alabama
0S0R2SDS,218,1,http://dbpedia.org/resource/Alabama
0S0R2SDS,219,1,http://dbpedia.org/resource/California
0S0R2SDS,220,1,http://dbpedia.org/resource/California
0S0R2SDS,221,1,http://dbpedia.org/resource/Virginia
0S0R2SDS,222,1,http://dbpedia.org/resource/North_Carolina
0S0R2SDS,223,1,http://dbpedia.org/resource/Kansas
0S0R2SDS,224,1,http://dbpedia.org/resource/Oklahoma
0S0R2SDS,225,1,http://dbpedia.org/resource/Indiana
0S0R2SDS,226,1,http://dbpedia.org/resource/Illinois
0S0R2SDS,227,1,http://dbpedia.org/resource/Illinois
0S0R2SDS,228,1,http://dbpedia.org/resource/California
0S0R2SDS,229,1,http://dbpedia.org/resource/Illinois
0S0R2SDS,230,1,http://dbpedia.org/resource/Texas
0S0R2SDS,231,1,http://dbpedia.org/resource/California
0S0R2SDS,232,1,http://dbpedia.org/resource/California
0S0R2SDS,233,1,http://dbpedia.org/resource/Florida
0S0R2SDS,234,1,http://dbpedia.org/resource/Tennessee
0S0R2SDS,235,1,http://dbpedia.org/resource/New_Hampshire
0S0R2SDS,236,1,http://dbpedia.org/resource/Connecticut
0S0R2SDS,237,1,http://dbpedia.org/resource/Florida
0S0R2SDS,238,1,http://dbpedia.org/resource/Florida
0S0R2SDS,239,1,http://dbpedia.org/resource/Florida
0S0R2SDS,240,1,http://dbpedia.org/resource/Texas
0S0R2SDS,241,1,http://dbpedia.org/resource/Maine
0S0R2SDS,242,1,http://dbpedia.org/resource/California
0S0R2SDS,243,1,http://dbpedia.org/resource/California
0S0R2SDS,244,1,http://dbpedia.org/resource/California
0S0R2SDS,245,1,http://dbpedia.org/resource/Wisconsin
0S0R2SDS,246,1,http://dbpedia.org/resource/Minnesota
0S0R2SDS,247,1,http://dbpedia.org/resource/Indiana
0S0R2SDS,248,1,http://dbpedia.org/resource/Indiana
0S0R2SDS,249,1,http://dbpedia.org/resource/Montana
0S0R2SDS,250,1,http://dbpedia.org/resource/Montana
0S0R2SDS,251,1,http://dbpedia.org/resource/California
0S0R2SDS,252,1,http://dbpedia.org/resource/Alabama
0S0R2SDS,253,1,http://dbpedia.org/resource/Minnesota
0S0R2SDS,254,1,http://dbpedia.org/resource/Minnesota
0S0R2SDS,255,1,http://dbpedia.org/resource/Illinois
0S0R2SDS,256,1,http://dbpedia.org/resource/Texas
0S0R2SDS,257,1,http://dbpedia.org/resource/South_Carolina
0S0R2SDS,258,1,http://dbpedia.org/resource/Illinois
0S0R2SDS,259,1,http://dbpedia.org/resource/Connecticut
0S0R2SDS,260,1,http://dbpedia.org/resource/Colorado
0S0R2SDS,261,1,http://dbpedia.org/resource/New_Jersey
0S0R2SDS,262,1,http://dbpedia.org/resource/Pennsylvania
0S0R2SDS,263,1,http://dbpedia.org/resource/Connecticut
0S0R2SDS,264,1,http://dbpedia.org/resource/Louisiana
0S0R2SDS,265,1,http://dbpedia.org/resource/New_York_City
0S0R2SDS,266,1,http://dbpedia.org/resource/New_York_City
0S0R2SDS,267,1,http://dbpedia.org/resource/Minnesota
0S0R2SDS,268,1,http://dbpedia.org/resource/New_York_City
0S0R2SDS,269,1,http://dbpedia.org/resource/New_York_City
0S0R2SDS,270,1,http://dbpedia.org/resource/New_Jersey
0S0R2SDS,271,1,http://dbpedia.org/resource/Georgia_(U.S._state)
0S0R2SDS,272,1,http://dbpedia.org/resource/Georgia_(U.S._state)
0S0R2SDS,273,1,http://dbpedia.org/resource/California
0S0R2SDS,274,1,http://dbpedia.org/resource/New_York_City
0S0R2SDS,275,1,http://dbpedia.org/resource/Massachusetts
0S0R2SDS,276,1,http://dbpedia.org/resource/Minnesota
0S0R2SDS,277,1,http://dbpedia.org/resource/Nebraska
0S0R2SDS,278,1,http://dbpedia.org/resource/Tennessee
0S0R2SDS,279,1,http://dbpedia.org/resource/Florida
0S0R2SDS,280,1,http://dbpedia.org/resource/New_York_City
0S0R2SDS,281,1,http://dbpedia.org/resource/Florida
0S0R2SDS,282,1,http://dbpedia.org/resource/Oklahoma
0S0R2SDS,283,1,http://dbpedia.org/resource/Kansas
0S0R2SDS,284,1,http://dbpedia.org/resource/Illinois
0S0R2SDS,285,1,http://dbpedia.org/resource/Nebraska
0S0R2SDS,286,1,http://dbpedia.org/resource/Michigan
0S0R2SDS,287,1,http://dbpedia.org/resource/Utah
0S0R2SDS,288,1,http://dbpedia.org/resource/Utah
0S0R2SDS,289,1,http://dbpedia.org/resource/California
0S0R2SDS,290,1,http://dbpedia.org/resource/Kentucky
0S0R2SDS,291,1,http://dbpedia.org/resource/California
0S0R2SDS,292,1,http://dbpedia.org/resource/California
0S0R2SDS,293,1,http://dbpedia.org/resource/California
0S0R2SDS,294,1,http://dbpedia.org/resource/Kansas
0S0R2SDS,295,1,http://dbpedia.org/resource/California
0S0R2SDS,296,1,http://dbpedia.org/resource/California
0S0R2SDS,297,1,http://dbpedia.org/resource/New_Jersey
0S0R2SDS,298,1,http://dbpedia.org/resource/Rhode_Island
0S0R2SDS,299,1,http://dbpedia.org/resource/California
0S0R2SDS,300,1,http://dbpedia.org/resource/New_York_City
0S0R2SDS,301,1,http://dbpedia.org/resource/Pennsylvania
0S0R2SDS,302,1,http://dbpedia.org/resource/Arizona
0S0R2SDS,303,1,http://dbpedia.org/resource/North_Carolina
0S0R2SDS,304,1,http://dbpedia.org/resource/Kansas
0S0R2SDS,305,1,http://dbpedia.org/resource/Pennsylvania
0S0R2SDS,306,1,http://dbpedia.org/resource/Pennsylvania
0S0R2SDS,307,1,http://dbpedia.org/resource/Pennsylvania
0S0R2SDS,308,1,http://dbpedia.org/resource/California
0S0R2SDS,309,1,http://dbpedia.org/resource/California
0S0R2SDS,310,1,http://dbpedia.org/resource/Texas
0S0R2SDS,311,1,http://dbpedia.org/resource/Louisiana
0S0R2SDS,312,1,http://dbpedia.org/resource/Oregon
0S0R2SDS,313,1,http://dbpedia.org/resource/Arizona
0S0R2SDS,314,1,http://dbpedia.org/resource/Maine
0S0R2SDS,315,1,http://dbpedia.org/resource/Minnesota
0S0R2SDS,316,1,http://dbpedia.org/resource/Colorado
0S0R2SDS,317,1,http://dbpedia.org/resource/Oklahoma
0S0R2SDS,318,1,http://dbpedia.org/resource/Illinois
0S0R2SDS,319,1,http://dbpedia.org/resource/Kansas
0S0R2SDS,320,1,http://dbpedia.org/resource/Texas
0S0R2SDS,321,1,http://dbpedia.org/resource/Virginia
0S0R2SDS,322,1,http://dbpedia.org/resource/North_Dakota
0S0R2SDS,323,1,http://dbpedia.org/resource/Louisiana
0S0R2SDS,324,1,http://dbpedia.org/resource/Louisiana
0S0R2SDS,325,1,http://dbpedia.org/resource/Pennsylvania
0S0R2SDS,326,1,http://dbpedia.org/resource/California
0S0R2SDS,327,1,http://dbpedia.org/resource/California
0S0R2SDS,328,1,http://dbpedia.org/resource/California
0S0R2SDS,329,1,http://dbpedia.org/resource/Delaware
0S0R2SDS,330,1,http://dbpedia.org/resource/Delaware
0S0R2SDS,331,1,http://dbpedia.org/resource/Kentucky
0S0R2SDS,332,1,http://dbpedia.org/resource/New_York_City
0S0R2SDS,333,1,http://dbpedia.org/resource/Virginia
0S0R2SDS,334,1,http://dbpedia.org/resource/Virginia
0S0R2SDS,335,1,http://dbpedia.org/resource/New_Hampshire
0S0R2SDS,336,1,http://dbpedia.org/resource/New_York_City
0S0R2SDS,337,1,http://dbpedia.org/resource/New_Hampshire
0S0R2SDS,338,1,http://dbpedia.org/resource/California
0S0R2SDS,339,1,http://dbpedia.org/resource/California
0S0R2SDS,340,1,http://dbpedia.org/resource/Massachusetts
0S0R2SDS,341,1,http://dbpedia.org/resource/Missouri
0S0R2SDS,342,1,http://dbpedia.org/resource/New_Hampshire
0S0R2SDS,343,1,http://dbpedia.org/resource/Massachusetts
0S0R2SDS,344,1,http://dbpedia.org/resource/Kansas
0S0R2SDS,345,1,http://dbpedia.org/resource/Texas
0S0R2SDS,346,1,http://dbpedia.org/resource/Texas
0S0R2SDS,347,1,http://dbpedia.org/resource/California
0S0R2SDS,348,1,http://dbpedia.org/resource/California
0S0R2SDS,349,1,http://dbpedia.org/resource/California
0S0R2SDS,350,1,http://dbpedia.org/resource/California
0S0R2SDS,351,1,http://dbpedia.org/resource/California
0S0R2SDS,352,1,http://dbpedia.org/resource/New_Mexico
0S0R2SDS,353,1,http://dbpedia.org/resource/New_Mexico
0S0R2SDS,354,1,http://dbpedia.org/resource/California
0S0R2SDS,355,1,http://dbpedia.org/resource/New_York_City
0S0R2SDS,356,1,http://dbpedia.org/resource/Arizona
0S0R2SDS,357,1,http://dbpedia.org/resource/Arizona
0S0R2SDS,358,1,http://dbpedia.org/resource/Missouri
0S0R2SDS,359,1,http://dbpedia.org/resource/Arizona
0S0R2SDS,360,1,http://dbpedia.org/resource/Arizona
0S0R2SDS,361,1,http://dbpedia.org/resource/Mississippi
0S0R2SDS,362,1,http://dbpedia.org/resource/Colorado
0S0R2SDS,363,1,http://dbpedia.org/resource/Tennessee
0S0R2SDS,364,1,http://dbpedia.org/resource/Tennessee
0S0R2SDS,365,1,http://dbpedia.org/resource/Arizona
0S0R2SDS,366,1,http://dbpedia.org/resource/Arkansas
0S0R2SDS,367,1,http://dbpedia.org/resource/Iowa
0S0R2SDS,368,1,http://dbpedia.org/resource/South_Dakota
0S0R2SDS,369,1,http://dbpedia.org/resource/Alabama
0S0R2SDS,370,1,http://dbpedia.org/resource/California
0S0R2SDS,371,1,http://dbpedia.org/resource/Massachusetts
0S0R2SDS,372,1,http://dbpedia.org/resource/Michigan
0S0R2SDS,373,1,http://dbpedia.org/resource/Idaho
0S0R2SDS,374,1,http://dbpedia.org/resource/Washington
0S0R2SDS,375,1,http://dbpedia.org/resource/Illinois
0S0R2SDS,376,1,http://dbpedia.org/resource/Utah
0S0R2SDS,377,1,http://dbpedia.org/resource/Vermont
0S0R2SDS,378,1,http://dbpedia.org/resource/Minnesota
0S0R2SDS,379,1,http://dbpedia.org/resource/Missouri
0S0R2SDS,380,1,http://dbpedia.org/resource/Louisiana
0S0R2SDS,381,1,http://dbpedia.org/resource/New_York_City
0S0R2SDS,382,1,http://dbpedia.org/resource/Oklahoma
0S0R2SDS,383,1,http://dbpedia.org/resource/California
0S0R2SDS,384,1,http://dbpedia.org/resource/Arkansas
0S0R2SDS,385,1,http://dbpedia.org/resource/Missouri
0S0R2SDS,386,1,http://dbpedia.org/resource/Missouri
0S0R2SDS,387,1,http://dbpedia.org/resource/Washington
0S0R2SDS,388,1,http://dbpedia.org/resource/Wisconsin
0S0R2SDS,389,1,http://dbpedia.org/resource/Washington
0S0R2SDS,390,1,http://dbpedia.org/resource/Oregon
0S0R2SDS,391,1,http://dbpedia.org/resource/Florida
0S0R2SDS,392,1,http://dbpedia.org/resource/Florida
0S0R2SDS,393,1,http://dbpedia.org/resource/Florida
0S0R2SDS,394,1,http://dbpedia.org/resource/Colorado
0S0R2SDS,395,1,http://dbpedia.org/resource/Colorado
0S0R2SDS,396,1,http://dbpedia.org/resource/Texas
0S0R2SDS,397,1,http://dbpedia.org/resource/Texas
0S0R2SDS,398,1,http://dbpedia.org/resource/Arkansas
0S0R2SDS,399,1,http://dbpedia.org/resource/North_Carolina
0S0R2SDS,400,1,http://dbpedia.org/resource/Arizona
0S0R2SDS,401,1,http://dbpedia.org/resource/North_Dakota
0S0R2SDS,402,1,http://dbpedia.org/resource/Michigan
0S0R2SDS,403,1,http://dbpedia.org/resource/Michigan
0S0R2SDS,404,1,http://dbpedia.org/resource/Arizona
0S0R2SDS,405,1,http://dbpedia.org/resource/California
0S0R2SDS,406,1,http://dbpedia.org/resource/Alabama
0S0R2SDS,407,1,http://dbpedia.org/resource/Texas
0S0R2SDS,408,1,http://dbpedia.org/resource/Nebraska
0S0R2SDS,409,1,http://dbpedia.org/resource/Georgia_(U.S._state)
0S0R2SDS,410,1,http://dbpedia.org/resource/Georgia_(U.S._state)
0S0R2SDS,411,1,http://dbpedia.org/resource/Indiana
0S0R2SDS,412,1,http://dbpedia.org/resource/Texas
0S0R2SDS,413,1,http://dbpedia.org/resource/Texas
0S0R2SDS,414,1,http://dbpedia.org/resource/Texas
0S0R2SDS,415,1,http://dbpedia.org/resource/Washington
0S0R2SDS,416,1,http://dbpedia.org/resource/Washington
0S0R2SDS,417,1,http://dbpedia.org/resource/Massachusetts
0S0R2SDS,418,1,http://dbpedia.org/resource/Missouri
0S0R2SDS,419,1,http://dbpedia.org/resource/Missouri
0S0R2SDS,420,1,http://dbpedia.org/resource/Tennessee
0S0R2SDS,421,1,http://dbpedia.org/resource/Georgia_(U.S._state)
0S0R2SDS,422,1,http://dbpedia.org/resource/Rhode_Island
0S0R2SDS,423,1,http://dbpedia.org/resource/California
0S0R2SDS,424,1,http://dbpedia.org/resource/Maine
0S0R2SDS,425,1,http://dbpedia.org/resource/California
0S0R2SDS,426,1,http://dbpedia.org/resource/Georgia_(U.S._state)
0S0R2SDS,427,1,http://dbpedia.org/resource/Ohio
0S0R2SDS,428,1,http://dbpedia.org/resource/Texas
0S0R2SDS,429,1,http://dbpedia.org/resource/Texas
0S0R2SDS,430,1,http://dbpedia.org/resource/Alabama
0S0R2SDS,431,1,http://dbpedia.org/resource/Arizona
0S0R2SDS,432,1,http://dbpedia.org/resource/Texas
0S0R2SDS,433,1,http://dbpedia.org/resource/North_Carolina
0S0R2SDS,434,1,http://dbpedia.org/resource/Ohio
0S0R2SDS,435,1,http://dbpedia.org/resource/Illinois
0S0R2SDS,436,1,http://dbpedia.org/resource/Nevada
0S0R2SDS,437,1,http://dbpedia.org/resource/Nevada
0S0R2SDS,438,1,http://dbpedia.org/resource/Nevada
0S0R2SDS,439,1,http://dbpedia.org/resource/North_Carolina
0S0R2SDS,440,1,http://dbpedia.org/resource/Massachusetts
0S0R2SDS,441,1,http://dbpedia.org/resource/Massachusetts
0S0R2SDS,442,1,http://dbpedia.org/resource/Minnesota
0S0R2SDS,443,1,http://dbpedia.org/resource/Ohio
0S0R2SDS,444,1,http://dbpedia.org/resource/New_York_City
0S0R2SDS,445,1,http://dbpedia.org/resource/Arizona
0S0R2SDS,446,1,http://dbpedia.org/resource/Georgia_(U.S._state)
0S0R2SDS,447,1,http://dbpedia.org/resource/Texas
0S0R2SDS,448,1,http://dbpedia.org/resource/Tennessee
0S0R2SDS,449,1,http://dbpedia.org/resource/Ohio
0S0R2SDS,450,1,http://dbpedia.org/resource/Alabama
0S0R2SDS,451,1,http://dbpedia.org/resource/Colorado
0S0R2SDS,452,1,http://dbpedia.org/resource/Oregon
0S0R2SDS,453,1,http://dbpedia.org/resource/New_Mexico
0S0R2SDS,454,1,http://dbpedia.org/resource/Washington
0S0R2SDS,455,1,http://dbpedia.org/resource/Illinois
0S0R2SDS,456,1,http://dbpedia.org/resource/Arkansas
0S0R2SDS,457,1,http://dbpedia.org/resource/South_Carolina
0S0R2SDS,458,1,http://dbpedia.org/resource/Maryland
0S0R2SDS,459,1,http://dbpedia.org/resource/New_Mexico
0S0R2SDS,460,1,http://dbpedia.org/resource/Arizona
0S0R2SDS,461,1,http://dbpedia.org/resource/North_Carolina
0S0R2SDS,462,1,http://dbpedia.org/resource/Colorado
0S0R2SDS,463,1,http://dbpedia.org/resource/Idaho
0S0R2SDS,464,1,http://dbpedia.org/resource/Colorado
0S0R2SDS,465,1,http://dbpedia.org/resource/Georgia_(U.S._state)
0S0R2SDS,466,1,http://dbpedia.org/resource/Alabama
0S0R2SDS,467,1,http://dbpedia.org/resource/Washington
0S0R2SDS,468,1,http://dbpedia.org/resource/Colorado
0S0R2SDS,469,1,http://dbpedia.org/resource/Texas
0S0R2SDS,470,1,http://dbpedia.org/resource/Maryland
0S0R2SDS,471,1,http://dbpedia.org/resource/Texas
0S0R2SDS,472,1,http://dbpedia.org/resource/Maine
0S0R2SDS,473,1,http://dbpedia.org/resource/Illinois
0S0R2SDS,474,1,http://dbpedia.org/resource/Alabama
0S0R2SDS,475,1,http://dbpedia.org/resource/Illinois
0S0R2SDS,476,1,http://dbpedia.org/resource/Kansas
0S0R2SDS,477,1,http://dbpedia.org/resource/Washington
0S0R2SDS,478,1,http://dbpedia.org/resource/Washington
0S0R2SDS,479,1,http://dbpedia.org/resource/Mississippi
0S0R2SDS,480,1,http://dbpedia.org/resource/Minnesota
0S0R2SDS,481,1,http://dbpedia.org/resource/California
0S0R2SDS,482,1,http://dbpedia.org/resource/New_Hampshire
0S0R2SDS,483,1,http://dbpedia.org/resource/Michigan
0S0R2SDS,484,1,http://dbpedia.org/resource/Arkansas
0S0R2SDS,485,1,http://dbpedia.org/resource/Colorado
0S0R2SDS,486,1,http://dbpedia.org/resource/Alabama
0S0R2SDS,487,1,http://dbpedia.org/resource/Delaware
0S0R2SDS,488,1,http://dbpedia.org/resource/Connecticut
0S0R2SDS,489,1,http://dbpedia.org/resource/Pennsylvania
0S0R2SDS,490,1,http://dbpedia.org/resource/Mississippi
0S0R2SDS,491,1,http://dbpedia.org/resource/New_York_City
0S0R2SDS,492,1,http://dbpedia.org/resource/Alabama
0S0R2SDS,493,1,http://dbpedia.org/resource/California
0S0R2SDS,494,1,http://dbpedia.org/resource/Illinois
0S0R2SDS,495,1,http://dbpedia.org/resource/West_Virginia
0S0R2SDS,496,1,http://dbpedia.org/resource/North_Carolina
0S0R2SDS,497,1,http://dbpedia.org/resource/Massachusetts
0S0R2SDS,498,1,http://dbpedia.org/resource/Washington
0S0R2SDS,499,1,http://dbpedia.org/resource/Montana
0S0R2SDS,500,1,http://dbpedia.org/resource/Louisiana
0S0R2SDS,501,1,http://dbpedia.org/resource/Connecticut
0S0R2SDS,502,1,http://dbpedia.org/resource/Arkansas
0S0R2SDS,503,1,http://dbpedia.org/resource/Connecticut
0S0R2SDS,504,1,http://dbpedia.org/resource/Tennessee
0S0R2SDS,505,1,http://dbpedia.org/resource/Virginia
0S0R2SDS,506,1,http://dbpedia.org/resource/Massachusetts
0S0R2SDS,507,1,http://dbpedia.org/resource/New_York_City
0S0R2SDS,508,1,http://dbpedia.org/resource/California
0S0R2SDS,509,1,http://dbpedia.org/resource/Idaho
0S0R2SDS,510,1,http://dbpedia.org/resource/Vermont
0S0R2SDS,511,1,http://dbpedia.org/resource/Montana
0S0R2SDS,512,1,http://dbpedia.org/resource/North_Carolina
0S0R2SDS,513,1,http://dbpedia.org/resource/Texas
0S0R2SDS,514,1,http://dbpedia.org/resource/California
0S0R2SDS,515,1,http://dbpedia.org/resource/Georgia_(U.S._state)
0S0R2SDS,516,1,http://dbpedia.org/resource/Colorado
0S0R2SDS,517,1,http://dbpedia.org/resource/North_Carolina
0S0R2SDS,518,1,http://dbpedia.org/resource/Colorado
0S0R2SDS,519,1,http://dbpedia.org/resource/Illinois
0S0R2SDS,520,1,http://dbpedia.org/resource/Arizona
0S0R2SDS,521,1,http://dbpedia.org/resource/North_Carolina
0S0R2SDS,522,1,http://dbpedia.org/resource/California
0S0R2SDS,523,1,http://dbpedia.org/resource/Tennessee
0S0R2SDS,524,1,http://dbpedia.org/resource/Maine
0S0R2SDS,525,1,http://dbpedia.org/resource/Connecticut
0S0R2SDS,526,1,http://dbpedia.org/resource/California
0S0R2SDS,527,1,http://dbpedia.org/resource/California
0S0R2SDS,528,1,http://dbpedia.org/resource/Indiana
0S0R2SDS,529,1,http://dbpedia.org/resource/Ohio
0S0R2SDS,530,1,http://dbpedia.org/resource/Ohio
0S0R2SDS,531,1,http://dbpedia.org/resource/South_Dakota
0S0R2SDS,532,1,http://dbpedia.org/resource/Tennessee
0S0R2SDS,533,1,http://dbpedia.org/resource/Georgia_(U.S._state)
0S0R2SDS,534,1,http://dbpedia.org/resource/Ohio
0S0R2SDS,535,1,http://dbpedia.org/resource/Texas
0S0R2SDS,536,1,http://dbpedia.org/resource/California
0S0R2SDS,537,1,http://dbpedia.org/resource/California
0S0R2SDS,538,1,http://dbpedia.org/resource/Florida
0S0R2SDS,539,1,http://dbpedia.org/resource/Virginia
0S0R2SDS,540,1,http://dbpedia.org/resource/Georgia_(U.S._state)
0S0R2SDS,541,1,http://dbpedia.org/resource/Maryland
0S0R2SDS,542,1,http://dbpedia.org/resource/South_Carolina
0S0R2SDS,543,1,http://dbpedia.org/resource/Indiana
0S0R2SDS,544,1,http://dbpedia.org/resource/California
0S0R2SDS,545,1,http://dbpedia.org/resource/New_Hampshire
0S0R2SDS,546,1,http://dbpedia.org/resource/Arkansas
0S0R2SDS,547,1,http://dbpedia.org/resource/New_York_City
0S0R2SDS,548,1,http://dbpedia.org/resource/Florida
0S0R2SDS,549,1,http://dbpedia.org/resource/Georgia_(U.S._state)
0S0R2SDS,550,1,http://dbpedia.org/resource/California
0S0R2SDS,551,1,http://dbpedia.org/resource/Texas
0S0R2SDS,552,1,http://dbpedia.org/resource/Utah
0S0R2SDS,553,1,http://dbpedia.org/resource/Nebraska
0S0R2SDS,554,1,http://dbpedia.org/resource/New_Jersey
0S0R2SDS,555,1,http://dbpedia.org/resource/Colorado
0S0R2SDS,556,1,http://dbpedia.org/resource/Colorado
0S0R2SDS,557,1,http://dbpedia.org/resource/Illinois
0S0R2SDS,558,1,http://dbpedia.org/resource/Connecticut
0S0R2SDS,559,1,http://dbpedia.org/resource/Nebraska
0S0R2SDS,560,1,http://dbpedia.org/resource/California
0S0R2SDS,561,1,http://dbpedia.org/resource/Georgia_(U.S._state)
0S0R2SDS,562,1,http://dbpedia.org/resource/Ohio
0S0R2SDS,563,1,http://dbpedia.org/resource/Illinois
0S0R2SDS,564,1,http://dbpedia.org/resource/Alabama
0S0R2SDS,565,1,http://dbpedia.org/resource/Ohio
0S0R2SDS,566,1,http://dbpedia.org/resource/Alabama
0S0R2SDS,567,1,http://dbpedia.org/resource/Colorado
0S0R2SDS,568,1,http://dbpedia.org/resource/Connecticut
0S0R2SDS,569,1,http://dbpedia.org/resource/New_Hampshire
0S0R2SDS,570,1,http://dbpedia.org/resource/Louisiana
0S0R2SDS,571,1,http://dbpedia.org/resource/Michigan
0S0R2SDS,572,1,http://dbpedia.org/resource/North_Dakota
0S0R2SDS,573,1,http://dbpedia.org/resource/California
0S0R2SDS,574,1,http://dbpedia.org/resource/Alabama
0S0R2SDS,575,1,http://dbpedia.org/resource/Colorado
0S0R2SDS,576,1,http://dbpedia.org/resource/North_Dakota
0S0R2SDS,577,1,http://dbpedia.org/resource/Louisiana
0S0R2SDS,578,1,http://dbpedia.org/resource/Minnesota
0S0R2SDS,579,1,http://dbpedia.org/resource/Arkansas
0S0R2SDS,580,1,http://dbpedia.org/resource/Texas
0S0R2SDS,581,1,http://dbpedia.org/resource/Colorado
0S0R2SDS,582,1,http://dbpedia.org/resource/Iowa
0S0R2SDS,583,1,http://dbpedia.org/resource/Michigan
0S0R2SDS,584,1,http://dbpedia.org/resource/Colorado
0S0R2SDS,585,1,http://dbpedia.org/resource/Texas
0S0R2SDS,586,1,http://dbpedia.org/resource/Oklahoma
0S0R2SDS,587,1,http://dbpedia.org/resource/Georgia_(U.S._state)
0S0R2SDS,588,1,http://dbpedia.org/resource/South_Carolina
0S0R2SDS,589,1,http://dbpedia.org/resource/Texas
0S0R2SDS,590,1,http://dbpedia.org/resource/Tennessee
0S0R2SDS,591,1,http://dbpedia.org/resource/Indiana
0S0R2SDS,592,1,http://dbpedia.org/resource/Iowa
0S0R2SDS,593,1,http://dbpedia.org/resource/Washington
0S0R2SDS,594,1,http://dbpedia.org/resource/Pennsylvania
0S0R2SDS,595,1,http://dbpedia.org/resource/North_Carolina
0S0R2SDS,596,1,http://dbpedia.org/resource/Alabama
0S0R2SDS,597,1,http://dbpedia.org/resource/Oregon
0S0R2SDS,598,1,http://dbpedia.org/resource/Iowa
0S0R2SDS,599,1,http://dbpedia.org/resource/Nevada
0S0R2SDS,600,1,http://dbpedia.org/resource/Arkansas
0S0R2SDS,601,1,http://dbpedia.org/resource/North_Carolina
0S0R2SDS,602,1,http://dbpedia.org/resource/Florida
0S0R2SDS,603,1,http://dbpedia.org/resource/Colorado
0S0R2SDS,604,1,http://dbpedia.org/resource/Florida
0S0R2SDS,605,1,http://dbpedia.org/resource/Florida
0S0R2SDS,606,1,http://dbpedia.org/resource/Alabama
0S0R2SDS,607,1,http://dbpedia.org/resource/South_Dakota
0S0R2SDS,608,1,http://dbpedia.org/resource/Indiana
0S0R2SDS,609,1,http://dbpedia.org/resource/New_Jersey
0S0R2SDS,610,1,http://dbpedia.org/resource/Colorado
0S0R2SDS,611,1,http://dbpedia.org/resource/Rhode_Island
0S0R2SDS,612,1,http://dbpedia.org/resource/New_Mexico
0S0R2SDS,613,1,http://dbpedia.org/resource/Kansas
0S0R2SDS,614,1,http://dbpedia.org/resource/Montana
0S0R2SDS,615,1,http://dbpedia.org/resource/Massachusetts
0S0R2SDS,616,1,http://dbpedia.org/resource/Louisiana
0S0R2SDS,617,1,http://dbpedia.org/resource/Colorado
0S0R2SDS,618,1,http://dbpedia.org/resource/Arkansas
0S0R2SDS,619,1,http://dbpedia.org/resource/California
0S0R2SDS,620,1,http://dbpedia.org/resource/Georgia_(U.S._state)
0S0R2SDS,621,1,http://dbpedia.org/resource/Illinois
0S0R2SDS,622,1,http://dbpedia.org/resource/Iowa
0S0R2SDS,623,1,http://dbpedia.org/resource/Connecticut
0S0R2SDS,624,1,http://dbpedia.org/resource/Louisiana
0S0R2SDS,625,1,http://dbpedia.org/resource/Mississippi
0S0R2SDS,626,1,http://dbpedia.org/resource/California
0S0R2SDS,627,1,http://dbpedia.org/resource/Maryland
0S0R2SDS,628,1,http://dbpedia.org/resource/Alaska
0S0R2SDS,629,1,http://dbpedia.org/resource/Alabama
0S0R2SDS,630,1,http://dbpedia.org/resource/Connecticut
0S0R2SDS,631,1,http://dbpedia.org/resource/Texas
0S0R2SDS,632,1,http://dbpedia.org/resource/Nebraska
0S0R2SDS,633,1,http://dbpedia.org/resource/Mississippi
0S0R2SDS,634,1,http://dbpedia.org/resource/Kansas
0S0R2SDS,635,1,http://dbpedia.org/resource/California
0S0R2SDS,636,1,http://dbpedia.org/resource/Pennsylvania
0S0R2SDS,637,1,http://dbpedia.org/resource/Florida
0S0R2SDS,638,1,http://dbpedia.org/resource/Massachusetts
0S0R2SDS,639,1,http://dbpedia.org/resource/Virginia
0S0R2SDS,640,1,http://dbpedia.org/resource/Hawaii
0S0R2SDS,641,1,http://dbpedia.org/resource/Arkansas
0S0R2SDS,642,1,http://dbpedia.org/resource/Texas
0S0R2SDS,643,1,http://dbpedia.org/resource/Alabama
0S0R2SDS,644,1,http://dbpedia.org/resource/Illinois
0S0R2SDS,645,1,http://dbpedia.org/resource/Texas
0S0R2SDS,646,1,http://dbpedia.org/resource/Pennsylvania
0S0R2SDS,647,1,http://dbpedia.org/resource/California
0S0R2SDS,648,1,http://dbpedia.org/resource/Oklahoma
0S0R2SDS,649,1,http://dbpedia.org/resource/California
0S0R2SDS,650,1,http://dbpedia.org/resource/Alabama
0S0R2SDS,651,1,http://dbpedia.org/resource/Florida
0S0R2SDS,652,1,http://dbpedia.org/resource/North_Dakota
0S0R2SDS,653,1,http://dbpedia.org/resource/Arkansas
0S0R2SDS,654,1,http://dbpedia.org/resource/Kansas
0S0R2SDS,655,1,http://dbpedia.org/resource/Tennessee
0S0R2SDS,656,1,http://dbpedia.org/resource/Illinois
0S0R2SDS,657,1,http://dbpedia.org/resource/Arkansas
0S0R2SDS,658,1,http://dbpedia.org/resource/Tennessee
0S0R2SDS,659,1,http://dbpedia.org/resource/Michigan
0S0R2SDS,660,1,http://dbpedia.org/resource/Montana
0S0R2SDS,661,1,http://dbpedia.org/resource/North_Carolina
0S0R2SDS,662,1,http://dbpedia.org/resource/Missouri
0S0R2SDS,663,1,http://dbpedia.org/resource/Kansas
0S0R2SDS,664,1,http://dbpedia.org/resource/New_Jersey
0S0R2SDS,665,1,http://dbpedia.org/resource/Oregon
0S0R2SDS,666,1,http://dbpedia.org/resource/Washington
0S0R2SDS,667,1,http://dbpedia.org/resource/Alaska
0S0R2SDS,668,1,http://dbpedia.org/resource/Georgia_(U.S._state)
0S0R2SDS,669,1,http://dbpedia.org/resource/Iowa
0S0R2SDS,670,1,http://dbpedia.org/resource/Alaska
0S0R2SDS,671,1,http://dbpedia.org/resource/Illinois
0S0R2SDS,672,1,http://dbpedia.org/resource/Texas
0S0R2SDS,673,1,http://dbpedia.org/resource/Kansas
0S0R2SDS,674,1,http://dbpedia.org/resource/Alaska
0S0R2SDS,675,1,http://dbpedia.org/resource/Indiana
0S0R2SDS,676,1,http://dbpedia.org/resource/Kansas
0S0R2SDS,677,1,http://dbpedia.org/resource/Louisiana
0S0R2SDS,678,1,http://dbpedia.org/resource/Minnesota
0S0R2SDS,679,1,http://dbpedia.org/resource/Wyoming
0S0R2SDS,680,1,http://dbpedia.org/resource/Nevada
0S0R2SDS,681,1,http://dbpedia.org/resource/Missouri
0S0R2SDS,682,1,http://dbpedia.org/resource/Tennessee
0S0R2SDS,683,1,http://dbpedia.org/resource/Louisiana
0S0R2SDS,684,1,http://dbpedia.org/resource/Kansas
0S0R2SDS,685,1,http://dbpedia.org/resource/South_Dakota
0S0R2SDS,686,1,http://dbpedia.org/resource/Kansas
0S0R2SDS,687,1,http://dbpedia.org/resource/Delaware
0S0R2SDS,688,1,http://dbpedia.org/resource/Kentucky
0S0R2SDS,689,1,http://dbpedia.org/resource/Colorado
0S0R2SDS,690,1,http://dbpedia.org/resource/Nebraska
0S0R2SDS,691,1,http://dbpedia.org/resource/California
0S0R2SDS,692,1,http://dbpedia.org/resource/Kansas
0S0R2SDS,693,1,http://dbpedia.org/resource/Georgia_(U.S._state)
0S0R2SDS,694,1,http://dbpedia.org/resource/Arkansas
0S0R2SDS,695,1,http://dbpedia.org/resource/New_York_City
0S0R2SDS,696,1,http://dbpedia.org/resource/California
0S0R2SDS,697,1,http://dbpedia.org/resource/Illinois
0S0R2SDS,698,1,http://dbpedia.org/resource/California
0S0R2SDS,699,1,http://dbpedia.org/resource/California
0S0R2SDS,700,1,http://dbpedia.org/resource/California
0S0R2SDS,701,1,http://dbpedia.org/resource/Kentucky
0S0R2SDS,702,1,http://dbpedia.org/resource/Nebraska
0S0R2SDS,703,1,http://dbpedia.org/resource/Arkansas
0S0R2SDS,704,1,http://dbpedia.org/resource/Massachusetts
0S0R2SDS,705,1,http://dbpedia.org/resource/Virginia
0S0R2SDS,706,1,http://dbpedia.org/resource/Wisconsin
0S0R2SDS,707,1,http://dbpedia.org/resource/Arkansas
0S0R2SDS,708,1,http://dbpedia.org/resource/New_Hampshire
0S0R2SDS,709,1,http://dbpedia.org/resource/Connecticut
0S0R2SDS,710,1,http://dbpedia.org/resource/New_York_City
0S0R2SDS,711,1,http://dbpedia.org/resource/Oklahoma
0S0R2SDS,712,1,http://dbpedia.org/resource/Missouri
0S0R2SDS,713,1,http://dbpedia.org/resource/Illinois
0S0R2SDS,714,1,http://dbpedia.org/resource/California
0S0R2SDS,715,1,http://dbpedia.org/resource/Kansas
0S0R2SDS,716,1,http://dbpedia.org/resource/Illinois
0S0R2SDS,717,1,http://dbpedia.org/resource/Texas
0S0R2SDS,718,1,http://dbpedia.org/resource/Tennessee
0S0R2SDS,719,1,http://dbpedia.org/resource/Massachusetts
0S0R2SDS,720,1,http://dbpedia.org/resource/Florida
0S0R2SDS,721,1,http://dbpedia.org/resource/California
0S0R2SDS,722,1,http://dbpedia.org/resource/Connecticut
0S0R2SDS,723,1,http://dbpedia.org/resource/Michigan
0S0R2SDS,724,1,http://dbpedia.org/resource/Illinois
0S0R2SDS,725,1,http://dbpedia.org/resource/Florida
0S0R2SDS,726,1,http://dbpedia.org/resource/Connecticut
0S0R2SDS,727,1,http://dbpedia.org/resource/Texas
0S0R2SDS,728,1,http://dbpedia.org/resource/Maine
0S0R2SDS,729,1,http://dbpedia.org/resource/California
0S0R2SDS,730,1,http://dbpedia.org/resource/Wisconsin
0S0R2SDS,731,1,http://dbpedia.org/resource/Minnesota
0S0R2SDS,732,1,http://dbpedia.org/resource/Montana
0S0R2SDS,733,1,http://dbpedia.org/resource/California
0S0R2SDS,734,1,http://dbpedia.org/resource/Minnesota
0S0R2SDS,735,1,http://dbpedia.org/resource/Arkansas
0S0R2SDS,736,1,http://dbpedia.org/resource/Arkansas
0S0R2SDS,737,1,http://dbpedia.org/resource/Michigan
0S0R2SDS,738,1,http://dbpedia.org/resource/New_Hampshire
0S0R2SDS,739,1,http://dbpedia.org/resource/Arkansas
0S0R2SDS,740,1,http://dbpedia.org/resource/Georgia_(U.S._state)
0S0R2SDS,741,1,http://dbpedia.org/resource/Tennessee
0S0R2SDS,742,1,http://dbpedia.org/resource/Connecticut
0S0R2SDS,743,1,http://dbpedia.org/resource/Missouri
0S0R2SDS,744,1,http://dbpedia.org/resource/Connecticut
0S0R2SDS,745,1,http://dbpedia.org/resource/New_Jersey
0S0R2SDS,746,1,http://dbpedia.org/resource/Connecticut
0S0R2SDS,747,1,http://dbpedia.org/resource/New_York_City
0S0R2SDS,748,1,http://dbpedia.org/resource/New_York_City
0S0R2SDS,749,1,http://dbpedia.org/resource/Michigan
0S0R2SDS,750,1,http://dbpedia.org/resource/Massachusetts
0S0R2SDS,751,1,http://dbpedia.org/resource/Rhode_Island
0S0R2SDS,752,1,http://dbpedia.org/resource/New_York_City
0S0R2SDS,753,1,http://dbpedia.org/resource/Oklahoma
0S0R2SDS,754,1,http://dbpedia.org/resource/Massachusetts
0S0R2SDS,755,1,http://dbpedia.org/resource/Nebraska
0S0R2SDS,756,1,http://dbpedia.org/resource/Nebraska
0S0R2SDS,757,1,http://dbpedia.org/resource/Massachusetts
0S0R2SDS,758,1,http://dbpedia.org/resource/Connecticut
0S0R2SDS,759,1,http://dbpedia.org/resource/Missouri
0S0R2SDS,760,1,http://dbpedia.org/resource/Nebraska
0S0R2SDS,761,1,http://dbpedia.org/resource/Nebraska
0S0R2SDS,762,1,http://dbpedia.org/resource/New_Jersey
0S0R2SDS,763,1,http://dbpedia.org/resource/Florida
0S0R2SDS,764,1,http://dbpedia.org/resource/New_York_City
0S0R2SDS,765,1,http://dbpedia.org/resource/Florida
0S0R2SDS,766,1,http://dbpedia.org/resource/Oklahoma
0S0R2SDS,767,1,http://dbpedia.org/resource/Illinois
0S0R2SDS,768,1,http://dbpedia.org/resource/Michigan
0S0R2SDS,769,1,http://dbpedia.org/resource/Florida
0S0R2SDS,770,1,http://dbpedia.org/resource/Colorado
0S0R2SDS,771,1,http://dbpedia.org/resource/Alabama
0S0R2SDS,772,1,http://dbpedia.org/resource/Kentucky
0S0R2SDS,773,1,http://dbpedia.org/resource/Colorado
0S0R2SDS,774,1,http://dbpedia.org/resource/California
0S0R2SDS,775,1,http://dbpedia.org/resource/Florida
0S0R2SDS,776,1,http://dbpedia.org/resource/Massachusetts
0S0R2SDS,777,1,http://dbpedia.org/resource/California
0S0R2SDS,778,1,http://dbpedia.org/resource/Florida
0S0R2SDS,779,1,http://dbpedia.org/resource/Illinois
0S0R2SDS,780,1,http://dbpedia.org/resource/New_Jersey
0S0R2SDS,781,1,http://dbpedia.org/resource/Indiana
0S0R2SDS,782,1,http://dbpedia.org/resource/West_Virginia
0S0R2SDS,783,1,http://dbpedia.org/resource/Pennsylvania
0S0R2SDS,784,1,http://dbpedia.org/resource/Arizona
0S0R2SDS,785,1,http://dbpedia.org/resource/Kentucky
0S0R2SDS,786,1,http://dbpedia.org/resource/Kansas
0S0R2SDS,787,1,http://dbpedia.org/resource/Pennsylvania
0S0R2SDS,788,1,http://dbpedia.org/resource/New_Jersey
0S0R2SDS,789,1,http://dbpedia.org/resource/Massachusetts
0S0R2SDS,790,1,http://dbpedia.org/resource/Idaho
0S0R2SDS,791,1,http://dbpedia.org/resource/Louisiana
0S0R2SDS,792,1,http://dbpedia.org/resource/Alabama
0S0R2SDS,793,1,http://dbpedia.org/resource/Maine
0S0R2SDS,794,1,http://dbpedia.org/resource/Massachusetts
0S0R2SDS,795,1,http://dbpedia.org/resource/Utah
0S0R2SDS,796,1,http://dbpedia.org/resource/Pennsylvania
0S0R2SDS,797,1,http://dbpedia.org/resource/Oklahoma
0S0R2SDS,798,1,http://dbpedia.org/resource/Texas
0S0R2SDS,799,1,http://dbpedia.org/resource/Virginia
0S0R2SDS,800,1,http://dbpedia.org/resource/North_Carolina
0S0R2SDS,801,1,http://dbpedia.org/resource/Nebraska
0S0R2SDS,802,1,http://dbpedia.org/resource/Louisiana
0S0R2SDS,803,1,http://dbpedia.org/resource/Washington
0S0R2SDS,804,1,http://dbpedia.org/resource/California
0S0R2SDS,805,1,http://dbpedia.org/resource/Delaware
0S0R2SDS,806,1,http://dbpedia.org/resource/Nevada
0S0R2SDS,807,1,http://dbpedia.org/resource/New_York_City
0S0R2SDS,808,1,http://dbpedia.org/resource/Virginia
0S0R2SDS,809,1,http://dbpedia.org/resource/New_Mexico
0S0R2SDS,810,1,http://dbpedia.org/resource/New_York_City
0S0R2SDS,811,1,http://dbpedia.org/resource/Maine
0S0R2SDS,812,1,http://dbpedia.org/resource/New_York_City
0S0R2SDS,813,1,http://dbpedia.org/resource/New_Mexico
0S0R2SDS,814,1,http://dbpedia.org/resource/New_Hampshire
0S0R2SDS,815,1,http://dbpedia.org/resource/Kansas
0S0R2SDS,816,1,http://dbpedia.org/resource/Vermont
0S0R2SDS,817,1,http://dbpedia.org/resource/California
0S0R2SDS,818,1,http://dbpedia.org/resource/Minnesota
0S0R2SDS,819,1,http://dbpedia.org/resource/Oregon
0S0R2SDS,820,1,http://dbpedia.org/resource/California
0S0R2SDS,821,1,http://dbpedia.org/resource/California
0S0R2SDS,822,1,http://dbpedia.org/resource/California
0S0R2SDS,823,1,http://dbpedia.org/resource/Georgia_(U.S._state)
0S0R2SDS,824,1,http://dbpedia.org/resource/Texas
0S0R2SDS,825,1,http://dbpedia.org/resource/New_Mexico
0S0R2SDS,826,1,http://dbpedia.org/resource/Florida
0S0R2SDS,827,1,http://dbpedia.org/resource/Wyoming
0S0R2SDS,828,1,http://dbpedia.org/resource/New_York_City
0S0R2SDS,829,1,http://dbpedia.org/resource/Georgia_(U.S._state)
0S0R2SDS,830,1,http://dbpedia.org/resource/New_York_City
0S0R2SDS,831,1,http://dbpedia.org/resource/Pennsylvania
0S0R2SDS,832,1,http://dbpedia.org/resource/Delaware
0S0R2SDS,833,1,http://dbpedia.org/resource/New_Jersey
0S0R2SDS,834,1,http://dbpedia.org/resource/California
0S0R2SDS,835,1,http://dbpedia.org/resource/Mississippi
0S0R2SDS,836,1,http://dbpedia.org/resource/Colorado
0S0R2SDS,837,1,http://dbpedia.org/resource/Tennessee
0S0R2SDS,838,1,http://dbpedia.org/resource/Arizona
0S0R2SDS,839,1,http://dbpedia.org/resource/Arkansas
0S0R2SDS,840,1,http://dbpedia.org/resource/Iowa
0S0R2SDS,841,1,http://dbpedia.org/resource/Alaska
0S0R2SDS,842,1,http://dbpedia.org/resource/Alabama
0S0R2SDS,843,1,http://dbpedia.org/resource/Wisconsin
0S0R2SDS,844,1,http://dbpedia.org/resource/South_Carolina
0S0R2SDS,845,1,http://dbpedia.org/resource/Massachusetts
0S0R2SDS,846,1,http://dbpedia.org/resource/Missouri
0S0R2SDS,847,1,http://dbpedia.org/resource/Vermont
0S0R2SDS,848,1,http://dbpedia.org/resource/Florida
0S0R2SDS,849,1,http://dbpedia.org/resource/Connecticut
0S0R2SDS,850,1,http://dbpedia.org/resource/New_York_City
0S0R2SDS,851,1,http://dbpedia.org/resource/Oklahoma
0S0R2SDS,852,1,http://dbpedia.org/resource/California
0S0R2SDS,853,1,http://dbpedia.org/resource/Ohio
0S0R2SDS,854,1,http://dbpedia.org/resource/Arkansas
0S0R2SDS,855,1,http://dbpedia.org/resource/Texas
0S0R2SDS,856,1,http://dbpedia.org/resource/Ohio
0S0R2SDS,857,1,http://dbpedia.org/resource/California
0S0R2SDS,858,1,http://dbpedia.org/resource/Alabama
0S0R2SDS,859,1,http://dbpedia.org/resource/Washington
0S0R2SDS,860,1,http://dbpedia.org/resource/Maryland
0S0R2SDS,861,1,http://dbpedia.org/resource/Oregon
0S0R2SDS,862,1,http://dbpedia.org/resource/Florida
0S0R2SDS,863,1,http://dbpedia.org/resource/New_Mexico
0S0R2SDS,864,1,http://dbpedia.org/resource/Massachusetts
0S0R2SDS,865,1,http://dbpedia.org/resource/Colorado
0S0R2SDS,866,1,http://dbpedia.org/resource/Texas
0S0R2SDS,867,1,http://dbpedia.org/resource/Indiana
0S0R2SDS,868,1,http://dbpedia.org/resource/Arkansas
0S0R2SDS,869,1,http://dbpedia.org/resource/Texas
0S0R2SDS,870,1,http://dbpedia.org/resource/Texas
0S0R2SDS,871,1,http://dbpedia.org/resource/Ohio
0S0R2SDS,872,1,http://dbpedia.org/resource/Arizona
0S0R2SDS,873,1,http://dbpedia.org/resource/New_York_City
0S0R2SDS,874,1,http://dbpedia.org/resource/Oklahoma
0S0R2SDS,875,1,http://dbpedia.org/resource/Alabama
0S0R2SDS,876,1,http://dbpedia.org/resource/Alabama
0S0R2SDS,877,1,http://dbpedia.org/resource/Texas
0S0R2SDS,878,1,http://dbpedia.org/resource/Ohio
0S0R2SDS,879,1,http://dbpedia.org/resource/Indiana
0S0R2SDS,880,1,http://dbpedia.org/resource/Mississippi
0S0R2SDS,881,1,http://dbpedia.org/resource/Texas
0S0R2SDS,882,1,http://dbpedia.org/resource/Georgia_(U.S._state)
0S0R2SDS,883,1,http://dbpedia.org/resource/Washington
0S0R2SDS,884,1,http://dbpedia.org/resource/Idaho
0S0R2SDS,885,1,http://dbpedia.org/resource/Missouri
0S0R2SDS,886,1,http://dbpedia.org/resource/Minnesota
0S0R2SDS,887,1,http://dbpedia.org/resource/Tennessee
0S0R2SDS,888,1,http://dbpedia.org/resource/Georgia_(U.S._state)
0S0R2SDS,889,1,http://dbpedia.org/resource/California
0S0R2SDS,890,1,http://dbpedia.org/resource/Missouri
0S0R2SDS,891,1,http://dbpedia.org/resource/Connecticut
0S0R2SDS,892,1,http://dbpedia.org/resource/Georgia_(U.S._state)
0S0R2SDS,893,1,http://dbpedia.org/resource/Ohio
0S0R2SDS,894,1,http://dbpedia.org/resource/West_Virginia
0S0R2SDS,895,1,http://dbpedia.org/resource/Connecticut
0S0R2SDS,896,1,http://dbpedia.org/resource/Massachusetts
0S0R2SDS,897,1,http://dbpedia.org/resource/New_York_City
0S0R2SDS,898,1,http://dbpedia.org/resource/Kansas
0S0R2SDS,899,1,http://dbpedia.org/resource/Ohio
0S0R2SDS,900,1,http://dbpedia.org/resource/Virginia
0S0R2SDS,901,1,http://dbpedia.org/resource/Connecticut
0S0R2SDS,902,1,http://dbpedia.org/resource/California
0S0R2SDS,903,1,http://dbpedia.org/resource/Delaware
0S0R2SDS,904,1,http://dbpedia.org/resource/Illinois
0S0R2SDS,905,1,http://dbpedia.org/resource/Alabama
0S0R2SDS,906,1,http://dbpedia.org/resource/Vermont
0S0R2SDS,907,1,http://dbpedia.org/resource/Wisconsin
0S0R2SDS,908,1,http://dbpedia.org/resource/Ohio
0S0R2SDS,909,1,http://dbpedia.org/resource/Washington
0S0R2SDS,910,1,http://dbpedia.org/resource/New_York_City
0S0R2SDS,911,1,http://dbpedia.org/resource/California
0S0R2SDS,912,1,http://dbpedia.org/resource/California
0S0R2SDS,913,1,http://dbpedia.org/resource/Ohio
